Document Name,TTR,ASL,NPR
1055_686.txt,0.9159259154188161,15.692307692307692,0.3842344396494194
1044_538.txt,0.9356931456840448,12.384615384615385,0.36048668614458085
1047_576.txt,0.9300785756686378,12.903225806451612,0.4124924560233116
1035_420.txt,0.961578202181749,12.65625,0.43705274424363044
1041_508.txt,0.9008740363696465,20.52,0.3841897535373629
1048_583.txt,0.928231023633728,13.558823529411764,0.42727758853919845
1053_660.txt,0.9027777777777778,7.5,0.5785714285714285
1020_226.txt,0.9514227871010302,14.379310344827585,0.37046281254538965
1036_438.txt,0.937363147423286,14.814814814814815,0.5323493434815837
1044_539.txt,0.8321717362158539,14.25,0.622596304661522
1044_537.txt,0.9336857392529664,12.476190476190476,0.42008701201322224
1013_143.txt,0.9008157097524538,20.238095238095237,0.3505159457347229
1026_302.txt,0.9366931918656057,12.1,0.4575974025974026
1060_728.txt,0.9182866372143038,14.06060606060606,0.4146509157698416
1011_107.txt,0.9650754941515811,11.708333333333334,0.40372891678038736
1043_530.txt,0.9508814524747913,16.4375,0.4575552666571538
1012_132.txt,0.9685769462065574,8.271186440677965,0.3509225420962533
1055_681.txt,0.9181240443681937,15.263157894736842,0.3988267503502961
1053_659.txt,0.9295934457699165,14.181818181818182,0.4811673175309539
1062_740.txt,0.9373372379254731,15.2,0.41836792836792835
1007_058.txt,0.9350761903017397,14.56,0.404894420913355
1042_514.txt,0.9230159450124128,15.785714285714286,0.41300958913702324
1028_333.txt,0.8153333710550514,27.0,0.356756325125254
1032_375.txt,0.91072231740225,15.478260869565217,0.373469520666317
1040_492.txt,0.9600078518891085,11.857142857142858,0.44615861729307105
1035_426.txt,0.9163085052403939,15.88888888888889,0.42600078844040196
1036_449.txt,0.9837453516383282,12.461538461538462,0.35272710381406036
1012_135.txt,0.9638903409252247,10.720930232558139,0.4666830262760495
1023_262.txt,0.8826230989534553,20.42105263157895,0.4431225122984126
1018_192.txt,0.92959321380374,20.142857142857142,0.4596980939178144
1059_719.txt,0.9212448360595357,15.227272727272727,0.4050193437998316
1025_295.txt,0.9226314528686071,13.545454545454545,0.5084682225986574
1050_623.txt,0.9311492261492261,16.75,0.3504779654282696
1056_695.txt,0.8549622227144098,32.72727272727273,0.32377385142091025
1019_201.txt,0.8796597690459584,26.46153846153846,0.38696925169597235
1027_311.txt,0.9293901009052183,14.619047619047619,0.44348718508382373
1007_057.txt,0.8753404519894591,18.130434782608695,0.3643867910134146
1041_509.txt,0.9050531851519819,16.956521739130434,0.44600031928407213
1059_725.txt,0.9250696878716202,14.851851851851851,0.3959666834932168
1023_257.txt,0.9507883733203428,16.217391304347824,0.3712559144464515
1060_735.txt,0.9766338946645853,8.456521739130435,0.366769402095489
1021_242.txt,0.9055162147086193,23.333333333333332,0.3824879441489564
1039_468.txt,0.8804738562091505,28.23076923076923,0.5278898538530398
1011_112.txt,0.9134282664802518,18.833333333333332,0.4091772050726191
1037_457.txt,0.9048028369596999,21.4,0.37960065477306854
1036_440.txt,0.9463219072594073,13.333333333333334,0.3538910934744268
1055_687.txt,0.914701701919026,15.941176470588236,0.38312096400331697
1059_723.txt,0.9498574162870036,13.08108108108108,0.3668382010585909
1009_095.txt,0.9258199140790235,16.423076923076923,0.4618407925698062
1046_567.txt,0.9362186984555405,12.228571428571428,0.4067177267177267
1025_288.txt,0.9441759802216865,13.789473684210526,0.3624043912743603
1002_024.txt,0.9841269841269842,9.571428571428571,0.7051282051282052
1030_365.txt,0.9288288288288287,13.7,0.38785714285714284
1007_067.txt,0.892394401405237,16.318181818181817,0.46241404130160113
1059_727.txt,0.9444444444444443,3.3333333333333335,0.4722222222222222
1019_208.txt,0.9554894179894179,10.444444444444445,0.3856078943798242
1018_195.txt,0.948928830791576,14.38888888888889,0.38233682746022163
1021_234.txt,0.8667182970788321,21.869565217391305,0.3788019046600282
1050_620.txt,0.898018159059349,18.608695652173914,0.34673896704110924
1024_271.txt,0.9270133684269953,13.56,0.41014625244037006
1034_410.txt,0.948340549598063,15.153846153846153,0.4255223998898088
1017_176.txt,0.9541666666666667,14.142857142857142,0.4228433402346446
1016_171.txt,0.9221980043876957,15.6,0.5220373851294904
1055_679.txt,0.9119718400067932,14.11111111111111,0.4223714738420621
1018_198.txt,0.9264522524992248,16.2,0.40774117620334216
1007_063.txt,0.9230613184440936,16.424242424242426,0.3771616106023806
1033_396.txt,0.9068049002391586,24.4,0.37201750004381584
1028_338.txt,0.9226042320132611,18.083333333333332,0.36030988687238685
1010_104.txt,0.9657401315789473,11.375,0.4220706513880856
1033_400.txt,0.9581860232847076,13.625,0.4070133813554866
1046_554.txt,0.9298251984794349,14.92,0.42470225751422697
1027_308.txt,0.9504892057833234,11.266666666666667,0.4441859066859067
1050_609.txt,0.9152023044803217,20.1875,0.33649676508132387
1030_363.txt,0.931862128651737,17.31578947368421,0.3564451598325416
1051_631.txt,0.8751741918416162,17.448275862068964,0.38543966493962084
1039_481.txt,0.9611718901397037,11.45,0.49136675824175824
1033_399.txt,0.906888471477594,20.15,0.3857350376325757
1006_052.txt,0.9530006749076442,13.294117647058824,0.3573819382825594
1047_577.txt,0.9307141375679862,15.344827586206897,0.4764851288072943
1035_422.txt,0.9323974164398411,15.59375,0.34385220843183306
1041_510.txt,0.9107598975550195,12.64,0.4176185383244207
1017_183.txt,0.8686196122192136,23.38095238095238,0.41986912897704043
1028_332.txt,0.875324766680347,27.2,0.3749456651606844
1047_574.txt,0.9462377437377439,14.777777777777779,0.4277390849286274
1040_494.txt,0.9604715680738698,10.595238095238095,0.4405132631918346
1048_587.txt,0.9516861969448176,12.6,0.45427214288978995
1056_694.txt,0.9007127042517241,20.923076923076923,0.35482207262239374
1039_474.txt,0.9088345864661654,26.333333333333332,0.37934434167734515
1016_164.txt,0.9323171418709176,14.782608695652174,0.4602812930178659
1057_707.txt,0.9305555555555556,7.0,0.36137566137566135
1041_505.txt,0.925376541925741,15.2,0.4115881597189647
1008_080.txt,0.9672304748917651,10.378378378378379,0.35191205191205194
1024_273.txt,0.9522321844217271,13.333333333333334,0.4132169695575493
1013_139.txt,0.922033084827858,13.666666666666666,0.3695630476608737
1034_414.txt,0.9151373569900714,15.75,0.40861987301293284
1032_374.txt,0.9346323538416373,16.208333333333332,0.334949181938346
1052_643.txt,0.881797499347261,20.166666666666668,0.46596333949275126
1011_121.txt,0.9439170976532764,14.178571428571429,0.34624918592652426
1058_714.txt,0.9402783882783884,11.44,0.4249698667345726
1025_292.txt,0.9043655191302551,17.59090909090909,0.4128060474491537
1037_460.txt,0.9321381627127799,18.217391304347824,0.44166361940506044
1014_153.txt,0.9524381397171345,12.26086956521739,0.5601417006893111
1027_319.txt,0.938213380218884,14.814814814814815,0.4763030531305385
1015_160.txt,0.9407146174387554,13.944444444444445,0.3660568764814495
1030_358.txt,0.869301205330617,24.272727272727273,0.4302060565696929
1035_432.txt,0.9037858055099435,17.5,0.39543854837972486
1062_741.txt,0.8880829045341766,21.61111111111111,0.45006771543003427
1007_068.txt,0.9612160566706021,12.090909090909092,0.42153679653679654
1039_475.txt,0.8974884398797442,23.5,0.4977766293822662
1023_269.txt,0.9259449906818328,12.0,0.5441822330105063
1047_579.txt,0.9393564437362394,12.777777777777779,0.41377417046571147
1060_729.txt,0.9370131700843319,13.264705882352942,0.41893342610029205
1060_734.txt,0.954365274565171,10.8,0.41642214267214267
1014_150.txt,0.9624754901960785,12.2,0.43848309301083194
1041_500.txt,0.8808403450442757,18.90909090909091,0.4083156659984723
1035_423.txt,0.9230704110188515,14.125,0.4219972506047874
1023_264.txt,0.9313336246571129,17.35,0.3259582108924214
1025_282.txt,0.9197014414893672,14.631578947368421,0.3902794309815868
1054_677.txt,0.9305562955562956,15.666666666666666,0.4416225749559083
1049_605.txt,0.9276273134371126,14.444444444444445,0.3858414710743142
1048_594.txt,0.9619149176805132,10.173913043478262,0.5029205094422485
1010_098.txt,0.9455209235209234,8.2,0.5467575757575758
1027_313.txt,0.9335287955758604,14.606060606060606,0.4216142308498382
1023_265.txt,0.9000936645859845,21.076923076923077,0.4375600038660209
1042_515.txt,0.9071351528979734,14.931034482758621,0.40122784303818787
1011_123.txt,0.9560167661029664,16.08695652173913,0.3449007356852347
1048_588.txt,0.9158381226238367,15.571428571428571,0.41078127989190316
1051_640.txt,0.9181138270611955,11.92,0.5319080484732659
1050_614.txt,0.8927102833937606,19.166666666666668,0.34781345198011865
1025_284.txt,0.8945278783807749,20.17391304347826,0.3745422104627155
1009_086.txt,0.8696154637604295,26.75,0.42067524409474294
1026_297.txt,0.9146634600033724,14.722222222222221,0.4540787481118786
1037_454.txt,0.8652951871703215,26.3125,0.369719802256567
1012_133.txt,0.9356061170553425,13.15,0.3605876953159562
1023_256.txt,0.9311182015812517,15.318181818181818,0.3595701090353497
1025_293.txt,0.9102935240162955,17.76,0.39891902235658305
1024_276.txt,0.8838584149768361,15.909090909090908,0.32362195595941723
1030_369.txt,0.8529630302538023,29.307692307692307,0.342557661636609
1046_561.txt,0.8830370251266288,17.035714285714285,0.4175930935361882
1008_069.txt,0.9004509249454465,16.42105263157895,0.3966552591552592
1011_124.txt,0.9608211210427958,9.571428571428571,0.4697774286175436
1028_337.txt,0.9556054694009082,14.625,0.43754805257650736
1042_512.txt,0.9695115089564206,10.0,0.512837736975668
1019_205.txt,0.8907660535421036,20.3,0.4397133120502686
1028_329.txt,0.8880884580294344,24.333333333333332,0.3824296385011647
1025_283.txt,0.8738632473948832,23.823529411764707,0.41148594105191066
1015_157.txt,0.9164464077006983,17.2,0.3841888989063912
1048_585.txt,0.9390876214918329,14.827586206896552,0.3929181190524203
1016_172.txt,0.9406602040765455,10.571428571428571,0.6401171579743008
1010_106.txt,0.952956487956488,12.266666666666667,0.3972050172050172
1044_533.txt,0.9248812827360494,13.52,0.37516596531115587
1021_240.txt,0.8912346215148604,21.529411764705884,0.3516150311508935
1050_608.txt,0.925399146574829,21.944444444444443,0.33625044209603033
1055_684.txt,0.94745115995116,9.133333333333333,0.4744179894179894
1046_560.txt,0.9099741597120113,16.833333333333332,0.3555266539302917
1045_540.txt,0.8538300610392605,14.785714285714286,0.4626772037486323
1054_671.txt,0.9150939064763282,12.217391304347826,0.4116936686501904
1020_215.txt,0.9335611073814477,15.586206896551724,0.4712267721577292
1049_599.txt,0.8905915087891255,18.954545454545453,0.38503681855278116
1010_105.txt,0.971019721019721,13.071428571428571,0.4864522258178634
1055_680.txt,0.907037712459539,15.15,0.38543927690666824
1041_499.txt,0.8960116681727697,21.0,0.38279925770142
1002_019.txt,0.8943728267220252,17.583333333333332,0.4957858345358345
1021_243.txt,0.8637435063451234,28.2,0.34017053204514824
1027_317.txt,0.914816435179812,16.724137931034484,0.4182740810743373
1020_218.txt,0.9225271792831088,18.235294117647058,0.42550096961861666
1023_267.txt,0.8853044145586163,21.555555555555557,0.38425938570777923
1043_523.txt,0.9372082166199814,13.117647058823529,0.47050596462361166
1008_075.txt,0.9531169888312745,11.571428571428571,0.4359387239744383
1057_702.txt,0.9122696106072067,15.470588235294118,0.40834671864083627
1009_096.txt,0.8953158824880095,23.789473684210527,0.3678337973229614
1060_738.txt,0.9828869047619048,8.25,0.4620053829612653
1049_604.txt,0.9350897544533449,15.0,0.37637750049514757
1041_506.txt,0.9494970596533095,15.291666666666666,0.43806147556147557
1056_699.txt,0.9273745861981157,17.09090909090909,0.40293040293040294
1033_395.txt,0.8966196042796071,20.647058823529413,0.34354376122269037
1029_356.txt,0.960775097917955,10.8,0.4603023563737849
1056_697.txt,0.9048347107438016,18.0,0.4025440742832047
1001_003.txt,0.9466362136586679,12.63888888888889,0.4571793785135644
1021_245.txt,0.8833460442206572,21.235294117647058,0.3555189888667397
1006_053.txt,0.9139626028728781,13.55,0.44411636618858663
1001_000.txt,0.9704637239119999,8.162162162162161,0.4481835131835132
1006_048.txt,0.9562025794857801,12.28125,0.38509605474884645
1020_227.txt,0.8733428950502589,23.65,0.41384202280173044
1041_498.txt,0.9342002255874209,10.541666666666666,0.6291240089731469
1060_732.txt,0.9151273588382722,10.85,0.4309825468648998
1009_089.txt,0.8834479932427977,22.55,0.36103607135812604
1054_667.txt,0.9304994118859664,12.114285714285714,0.38310062952920093
1007_061.txt,0.9395636837665825,12.703703703703704,0.40385396974544263
1029_341.txt,0.9418861074450873,14.944444444444445,0.39906712454133597
1034_411.txt,0.9145631875290959,17.045454545454547,0.3789744982271289
1051_634.txt,0.8674448413513727,20.565217391304348,0.36200526318592285
1040_490.txt,0.9366613949602559,13.655172413793103,0.4235644393645888
1050_619.txt,0.9110284391534392,20.416666666666668,0.3363462178993655
1029_344.txt,0.9378971878185303,13.303030303030303,0.42322754774907884
1036_441.txt,0.9325785983664333,15.956521739130435,0.41498093820748283
1042_519.txt,0.8905814057116627,17.392857142857142,0.3987305874544175
1015_154.txt,0.9638645340701772,9.833333333333334,0.5319444444444444
1053_654.txt,0.8957318544813497,18.57894736842105,0.42402530390146487
1046_565.txt,0.8702364337180751,18.181818181818183,0.3777474851064639
1018_196.txt,0.9624002134967048,11.61111111111111,0.3450426887926888
1013_137.txt,0.919977580966304,17.703703703703702,0.35516837998348144
1054_662.txt,0.9185772612218663,12.258064516129032,0.42229307272950534
1054_668.txt,0.897016599708752,14.347826086956522,0.37369297960730186
1032_377.txt,0.9460610987472556,12.818181818181818,0.3359546850455941
1041_503.txt,0.8821371795331793,18.7,0.40951553212582625
1029_340.txt,0.9810272688771673,11.461538461538462,0.3837866727289804
1024_270.txt,0.943775033389004,12.5,0.38115193629899513
1018_193.txt,0.9114464757887961,14.61111111111111,0.3504921911784657
1054_665.txt,0.8721831934392321,12.037037037037036,0.3008547603576843
1040_483.txt,0.9558720519246836,10.90625,0.41074246933621933
1047_571.txt,0.9160051951894782,15.25,0.3792261609566891
1050_625.txt,0.8772633163937512,18.545454545454547,0.3249345425816014
1040_495.txt,0.9665694116592661,10.538461538461538,0.417986435839893
1055_685.txt,0.9341604010025065,12.631578947368421,0.44584913710300705
1013_145.txt,0.9207515400246151,15.321428571428571,0.33608445126302267
1027_322.txt,0.9515462382029098,12.931034482758621,0.4231185009550548
1009_093.txt,0.9828836863619472,9.076923076923077,0.4188326166587036
1040_497.txt,0.9646713439816889,7.103448275862069,0.5816123531640773
1043_525.txt,0.9137699517734758,18.714285714285715,0.38700455502233183
1055_688.txt,0.9375415033309772,11.842105263157896,0.35928428296849346
1039_473.txt,0.906439393939394,17.125,0.42426378446115287
1051_626.txt,0.7868759067626329,19.058823529411764,0.4531649069884364
1027_312.txt,0.9356223210432802,12.923076923076923,0.4571037226812822
1058_709.txt,0.9664547663960926,9.8,0.4199977718360071
1053_658.txt,0.9264470614283875,18.055555555555557,0.38114887083699245
1028_330.txt,0.8962317630880636,20.09090909090909,0.37706840812833603
1013_136.txt,0.944871794871795,7.384615384615385,0.589010989010989
1029_351.txt,0.9257707068409841,14.4,0.40554769516262124
1049_600.txt,0.9122472075851424,16.79310344827586,0.3889030292884875
1046_555.txt,0.8994107483105872,17.869565217391305,0.414864268061199
1045_551.txt,0.8950669868096056,23.266666666666666,0.39813927707031155
1035_430.txt,0.9319699044070316,14.92,0.32118632500397204
1026_298.txt,0.8828134553879747,18.65,0.4631856584275939
1033_403.txt,0.9610325154992744,11.31578947368421,0.38851685809890146
1036_439.txt,0.9316332672404779,13.612903225806452,0.5319780959629329
1035_427.txt,0.9197420039405938,15.379310344827585,0.38245607563608297
1034_417.txt,0.9492496974351814,13.5,0.33460955116042457
1057_705.txt,0.8753804552123879,23.857142857142858,0.46678004535147394
1039_472.txt,0.8774211219748977,22.666666666666668,0.481001301001301
1020_221.txt,0.924800304365522,18.944444444444443,0.433845229966547
1006_050.txt,0.9633908552672855,11.071428571428571,0.5216953448045885
1032_376.txt,0.9251447193451993,14.869565217391305,0.38692035443953604
1050_615.txt,0.9388502676301683,22.058823529411764,0.32524224160150644
1048_590.txt,0.9447249358427025,15.027027027027026,0.4202296718255971
1006_051.txt,0.9411557347386225,12.515151515151516,0.4108016829244451
1020_210.txt,0.869882001897162,29.8,0.39700934815217337
1012_128.txt,0.9801324492500961,8.920634920634921,0.39104414985367364
1033_402.txt,0.9585624882364013,11.933333333333334,0.38351731601731603
1052_646.txt,0.9096041911306559,24.666666666666668,0.4104586544060228
1007_062.txt,0.9239974384656063,17.392857142857142,0.3465907956454175
1041_504.txt,0.9141543007364092,21.0,0.35629184147490783
1012_131.txt,0.9442002934061086,13.45945945945946,0.3716333627314569
1043_532.txt,0.9455723584980551,15.0,0.48245458245458245
1029_353.txt,0.9422648271152498,14.10344827586207,0.3879654550934043
1013_146.txt,0.9250535477379396,15.131578947368421,0.344009194717523
1022_251.txt,0.9160382489174542,14.615384615384615,0.36752969252969253
1011_115.txt,0.9115906163636615,15.806451612903226,0.4419843965859146
1040_496.txt,0.9465430448273585,10.625,0.40512342595675926
1020_214.txt,0.9401050144368525,15.035714285714286,0.4929002043809263
1022_246.txt,0.9650950280321858,8.67741935483871,0.524153198244879
1057_703.txt,0.8412735073130612,25.533333333333335,0.336941322337902
1042_517.txt,0.9317925619163704,12.666666666666666,0.343675164552543
1013_149.txt,0.9202252944188427,13.714285714285714,0.33798671229011784
1020_216.txt,0.9422136890886891,11.142857142857142,0.6060522034900917
1021_235.txt,0.8702720524073738,21.88235294117647,0.3688524201169527
1009_087.txt,0.9044789255268834,23.444444444444443,0.3391284463306688
1006_055.txt,0.9393483709273184,12.421052631578947,0.4109993997865851
1026_296.txt,0.9211792484547903,15.894736842105264,0.4364927470190628
1043_531.txt,0.9507936507936507,11.4375,0.661499183006536
1041_507.txt,0.9221412046105201,19.181818181818183,0.3988205347505587
1011_116.txt,0.9265418037813792,18.047619047619047,0.4137385240925106
1021_236.txt,0.9065849477482508,21.363636363636363,0.4191143427123585
1051_632.txt,0.8876901888917995,15.793103448275861,0.434685200327796
1027_316.txt,0.9269201474024037,16.75,0.414578018515712
1040_482.txt,0.9301566966249505,13.296296296296296,0.39637799651004707
1051_633.txt,0.873135423287553,13.941176470588236,0.3930798371099892
1015_156.txt,0.9155569863076077,15.863636363636363,0.4281801965261082
1059_722.txt,0.91033552457234,14.791666666666666,0.352295029955213
1033_394.txt,0.9590594862130736,15.36,0.4627637408496224
1024_279.txt,0.9437454043540999,13.56,0.4096801025245048
1059_721.txt,0.8916054624387958,13.722222222222221,0.3907373792596961
1046_558.txt,0.9179628407765894,15.59375,0.40443416333861504
1050_617.txt,0.8874028132286682,19.357142857142858,0.347081358605493
1009_084.txt,0.8695066457979381,20.761904761904763,0.39992734985732187
1054_669.txt,0.9072933839699545,12.833333333333334,0.3406263655855159
1028_326.txt,0.870592713737875,39.4,0.4071487487291614
1007_056.txt,0.9466884667289526,10.692307692307692,0.5151157665863548
1040_491.txt,0.9397666203437988,12.705882352941176,0.40734835168923794
1003_026.txt,0.9414573815357198,10.241379310344827,0.478857158167503
1008_072.txt,0.9459978065412848,11.151515151515152,0.437175426339513
1033_391.txt,0.9207153219310894,18.26086956521739,0.37243389408485655
1062_743.txt,0.812031955878975,41.0,0.388819117390546
1036_437.txt,0.9165811704953462,21.5,0.5067293170429904
1050_611.txt,0.8942353133370702,21.19047619047619,0.35315677712981713
1017_173.txt,0.9172938170631344,20.95,0.5789667259704445
1032_381.txt,0.9181403232248873,15.826086956521738,0.2668774161254589
1019_204.txt,0.8752249332650738,20.0,0.38244957718549094
1050_610.txt,0.9000478832231947,23.5,0.4063139694907375
1059_720.txt,0.9327061854108637,11.0,0.3859081605458417
1016_169.txt,0.9532438319440217,12.178571428571429,0.4706522589485452
1056_693.txt,0.9031862487009545,23.5,0.3357548427449743
1020_224.txt,0.9366714688836524,14.91891891891892,0.36881822992120344
1056_690.txt,0.9016561734827991,24.333333333333332,0.38171852430430864
1044_535.txt,0.9691564182943494,9.692307692307692,0.47885031635031633
1026_300.txt,0.9210164835164836,13.76923076923077,0.42383381324557795
1026_304.txt,0.9693378280334801,13.0,0.5151709401709402
1054_672.txt,0.9076369140313468,17.416666666666668,0.37432477190604124
1025_290.txt,0.8897342306472802,18.736842105263158,0.4581056529283074
1062_742.txt,0.9013571173512693,18.333333333333332,0.3694852510231914
1022_247.txt,0.943498954347327,15.0,0.3993924630784213
1017_185.txt,0.9012560135972114,22.5,0.26755189255189255
1020_222.txt,0.9110955500146953,20.545454545454547,0.44235664678261094
1017_180.txt,0.8920613118660958,17.130434782608695,0.447653599916193
1006_045.txt,0.9411274668702204,13.875,0.44052697208068053
1003_029.txt,0.9662164382661277,8.80952380952381,0.4134493187124766
1011_122.txt,0.9590396633289403,13.5,0.3382684816722213
1002_015.txt,0.9052457388184033,17.941176470588236,0.4737770687597677
1020_229.txt,0.900920669609433,22.88235294117647,0.39513248650199445
1062_739.txt,0.8834049923659724,26.153846153846153,0.38225835614429776
1045_552.txt,0.9044159859532525,28.384615384615383,0.3612476516273297
1023_261.txt,0.8987391086002124,15.473684210526315,0.3955646051621284
1020_230.txt,0.9363667218248461,16.4,0.37383922171018946
1059_726.txt,0.9084835883033824,10.894736842105264,0.5090569561157796
1020_223.txt,0.9450555349106076,14.933333333333334,0.3229118319399649
1042_513.txt,0.9412705101549187,13.833333333333334,0.36102072075897157
1034_412.txt,0.9136027261997591,18.772727272727273,0.4345760930988204
1043_527.txt,0.9306827926492637,15.695652173913043,0.414921338841764
1007_065.txt,0.9420194003527335,10.958333333333334,0.42979611153953257
1035_425.txt,0.9155260154290883,18.52173913043478,0.4118414780284522
1054_666.txt,0.8879245395538409,15.038461538461538,0.37792250748907097
1032_379.txt,0.9568195311166351,14.0,0.3636295694775227
1028_331.txt,0.9118756471655023,16.88888888888889,0.38292172774542915
1041_501.txt,0.8958332956617893,17.9,0.4323269131050438
1011_108.txt,0.9118794605677578,17.451612903225808,0.3997570755076515
1008_082.txt,0.9776269482151836,6.6875,0.5789299242424243
1032_384.txt,0.8912578943075119,16.434782608695652,0.3965793801400998
1033_393.txt,0.9421353592709091,15.125,0.3884518099504555
1020_212.txt,0.9013177780840981,18.77777777777778,0.46304261635281185
1029_357.txt,0.9547684203385958,11.481481481481481,0.4202290507846063
1053_655.txt,0.9026689676689678,22.666666666666668,0.4073086856782509
1030_359.txt,0.9106146693323481,19.772727272727273,0.4722742941983024
1001_014.txt,0.9628472752737458,9.090909090909092,0.46253761390125026
1018_190.txt,0.9170579742487854,16.0625,0.43113254058608586
1059_724.txt,0.9010243218568372,17.423076923076923,0.4109785594215451
1005_038.txt,0.9503155534789165,15.0,0.410535176241698
1047_570.txt,0.9397420792641381,15.964285714285714,0.4531498496834631
1022_250.txt,0.8948859205530221,15.791666666666666,0.3904928514467988
1018_188.txt,0.9710685284214696,11.45,0.4378653230297967
1049_596.txt,0.9234938431990641,16.93103448275862,0.375987658238112
1018_189.txt,0.9689161990905755,11.882352941176471,0.45713649096002035
1035_429.txt,0.9216099793800693,15.538461538461538,0.36764837726376187
1043_524.txt,0.9384642703742081,15.761904761904763,0.3790932183476043
1025_286.txt,0.9087835151971981,20.35,0.41197127189116356
1010_099.txt,0.8915516779214326,18.227272727272727,0.3920064754157805
1054_673.txt,0.8780879473467708,14.08,0.3847957776990035
1045_545.txt,0.9403430421314987,19.045454545454547,0.3985771173271173
1045_542.txt,0.906805815383881,20.130434782608695,0.4101331697007429
1024_272.txt,0.9528529559392562,11.823529411764707,0.4082114627219562
1058_713.txt,0.9392761314962453,10.903225806451612,0.3005519240931954
1056_692.txt,0.8723729227761485,21.181818181818183,0.44725331114347133
1053_657.txt,0.8488122559574871,26.76923076923077,0.38742975940916446
1060_737.txt,0.9702109949670924,9.317073170731707,0.4744967092528068
1053_656.txt,0.8911503239466573,26.266666666666666,0.3938213104477472
1013_140.txt,0.9325452238107036,15.4,0.3729036879467914
1030_366.txt,0.8826344707923656,19.23076923076923,0.39302626902174415
1055_683.txt,0.9524171006224025,9.666666666666666,0.42571433196433195
1047_569.txt,0.9315369241967166,13.3,0.48663287148581263
1018_187.txt,0.9456221857050121,14.857142857142858,0.4131931342446601
1032_389.txt,0.9511930890109258,11.580645161290322,0.5245333519527068
1032_387.txt,0.9434383311056933,12.705882352941176,0.38258673275974314
1029_349.txt,0.9288218869772392,14.777777777777779,0.36717058028186894
1036_444.txt,0.8862404326538568,17.0,0.44134760817372976
1027_320.txt,0.9511259422309434,11.21875,0.3977512673729779
1032_382.txt,0.9235249371371573,18.391304347826086,0.41432088553363755
1026_306.txt,0.900335845153853,17.88888888888889,0.3714640570032727
1027_323.txt,0.957359481634844,8.833333333333334,0.4896322631616749
1048_592.txt,0.878388682071767,16.464285714285715,0.4451501496807777
1058_710.txt,0.9287548600414097,14.296296296296296,0.4394970211395332
1011_109.txt,0.9016017446222726,17.545454545454547,0.36474423392146016
1002_020.txt,0.8521874857168975,21.53846153846154,0.4190255032866369
1045_550.txt,0.9212904927854442,17.842105263157894,0.38751616579096027
1005_034.txt,0.9319096266818835,16.952380952380953,0.41504753834178143
1028_335.txt,0.9064628721859115,21.875,0.38446248255527077
1055_689.txt,0.9385964912280702,9.166666666666666,0.6152777777777778
1027_309.txt,0.9081217858090328,15.576923076923077,0.46162864912864915
1020_220.txt,0.8951301270094815,25.470588235294116,0.34331827716067564
1025_294.txt,0.9540502775184149,10.75,0.4458354145854146
1059_718.txt,0.914164312979688,15.75,0.3750826257076257
1033_407.txt,0.9377640950241573,12.1,0.4891869095816464
1034_413.txt,0.9712370005473453,11.96551724137931,0.4802946096049544
1015_161.txt,0.9277229000583405,19.19047619047619,0.4087088937387121
1034_416.txt,0.9014604790282771,21.681818181818183,0.38665346471149453
1048_586.txt,0.9331997901476321,14.379310344827585,0.41948524486556943
1036_445.txt,0.9048337970911848,16.6,0.36432737686153355
1035_418.txt,0.9323307311528232,15.037037037037036,0.34465316340961333
1003_025.txt,0.9549415700257559,11.625,0.44588758428272496
1028_325.txt,0.904197483599758,22.208333333333332,0.4042252843824852
1052_647.txt,0.908005440344503,17.0,0.41184431184431186
1057_704.txt,0.8031223890663534,34.0,0.38544463111216737
1062_746.txt,0.9218999202551834,12.5,0.6113095238095239
1039_478.txt,0.9043379716652744,16.5,0.40263214551865867
1049_606.txt,0.9455390811632614,13.324324324324325,0.3865026115026115
1022_248.txt,0.9239075739075737,11.909090909090908,0.4309973053288561
1048_589.txt,0.9180089609291942,13.058823529411764,0.4094914889032536
1008_076.txt,0.9527686487127819,11.909090909090908,0.3833285434661033
1021_232.txt,0.9114745520171987,19.714285714285715,0.41675714056666435
1046_566.txt,0.9019783098653656,15.555555555555555,0.4085133951528879
1033_404.txt,0.9589477254389535,10.733333333333333,0.41452340252340253
1032_373.txt,0.9306002422791099,13.166666666666666,0.3817199996850632
1005_032.txt,0.9565856801150919,13.117647058823529,0.4704781619272129
1008_070.txt,0.9136661666288638,19.6875,0.3594541644720297
1047_575.txt,0.9543293793293793,12.54054054054054,0.42464861214861216
1037_461.txt,0.9164167925467197,16.043478260869566,0.45829792885756004
1026_307.txt,0.0,0.0,0.0
1017_182.txt,0.9193383379369747,19.5,0.3954236343366778
1008_073.txt,0.9589508104860827,13.6,0.4481724053724054
1053_652.txt,0.9340858318636095,13.722222222222221,0.4430088611239162
1051_636.txt,0.8570117717520539,16.666666666666668,0.37396001373257026
1002_018.txt,0.907944300678285,22.307692307692307,0.43510352823115794
1027_310.txt,0.9364178854737573,14.425,0.4432733585858586
1052_644.txt,0.9222220978255461,15.857142857142858,0.44583594080498107
1025_287.txt,0.9146763573311562,16.9,0.43289888814888816
1010_101.txt,0.9582031750300981,11.115384615384615,0.4611616814557991
1051_630.txt,0.9328253565785535,15.0,0.40546688160324523
1039_479.txt,0.9236490702504525,16.952380952380953,0.36723463433547465
1036_450.txt,0.9533775252525253,13.409090909090908,0.42257729513921466
1015_163.txt,0.9248059583843897,13.11111111111111,0.31972231200172374
1054_674.txt,0.9370498110048379,10.064516129032258,0.4694020032255326
1050_622.txt,0.9231670119029459,19.789473684210527,0.359621545966524
1009_083.txt,0.9493561539625794,11.61111111111111,0.6636754071558826
1030_368.txt,0.8927650836055732,20.55,0.38414908159473377
1028_324.txt,0.8897332012284731,23.944444444444443,0.34772932388450983
1030_360.txt,0.8899655479730223,20.066666666666666,0.47952290739162007
1032_386.txt,0.9251948051948051,16.7,0.32451298701298703
1003_030.txt,0.9672635445362717,7.333333333333333,0.5522178999451727
1029_346.txt,0.917544900945541,17.0,0.3680966861145216
1009_085.txt,0.866142872372096,22.352941176470587,0.40438344786935093
1042_518.txt,0.9205900319702471,14.96551724137931,0.3813980830097772
1021_239.txt,0.8743960322551927,22.095238095238095,0.43529560108019755
1037_462.txt,0.95113360790933,15.74074074074074,0.3844544452731587
1024_280.txt,0.9451721840946462,11.78125,0.435818794870519
1010_102.txt,0.8950793959394495,16.347826086956523,0.4546641424602061
1003_027.txt,0.9000977264909154,16.23076923076923,0.4396936197868766
1054_661.txt,0.9264006773277873,10.869565217391305,0.4139124160863291
1040_486.txt,0.9688616924870794,9.65,0.432602632874372
1011_125.txt,0.9651882898941722,12.135135135135135,0.3925259845089067
1044_536.txt,0.9500826940430184,11.75,0.4122462272133325
1016_168.txt,0.9224111281672258,14.32,0.4578143504005573
1026_303.txt,0.9530257686836634,12.846153846153847,0.4756480059565359
1027_318.txt,0.9107684430265076,16.923076923076923,0.3839747402805828
1011_119.txt,0.9441313209855409,13.73913043478261,0.406428737291777
1060_736.txt,0.9409395090122643,12.27027027027027,0.41471919395813983
1036_447.txt,0.9506451054760233,14.333333333333334,0.4175183382785722
1023_259.txt,0.9297108515778595,14.621621621621621,0.39814694475193174
1028_328.txt,0.8244827657766745,46.7,0.3432899506467964
1032_383.txt,0.9511953424996903,14.88888888888889,0.42545294211960877
1026_299.txt,0.9033552551400137,14.375,0.38643863446495025
1011_114.txt,0.9610070591116295,12.725,0.3979949911199911
1051_639.txt,0.8780310337899342,15.555555555555555,0.36533295801269655
1017_177.txt,0.8576372922680673,31.866666666666667,0.4267200200836447
1037_455.txt,0.9217456537610023,20.681818181818183,0.4073643108915387
1011_111.txt,0.9484174114810633,12.13888888888889,0.3157853406552667
1056_698.txt,0.8027001882315498,25.8,0.4398538961038961
1020_217.txt,0.8947034211872121,19.146341463414632,0.4142702923328407
1033_397.txt,0.9392633828865713,16.166666666666668,0.3329662705318103
1030_364.txt,0.8837551246279899,32.46153846153846,0.3791789248822925
1017_175.txt,0.8648115771025388,27.275862068965516,0.39410769265103784
1003_028.txt,0.937224517906336,9.363636363636363,0.45476190476190476
1001_010.txt,0.9636689110817166,10.581395348837209,0.4093778184839456
1058_715.txt,0.9111336032388664,9.8,0.5197222222222222
1034_408.txt,0.9082908457908457,17.77777777777778,0.45664533352033354
1021_241.txt,0.9308374631904044,16.91176470588235,0.42266549290770744
1019_202.txt,0.9072613289220316,20.294117647058822,0.3806097325447171
1030_371.txt,0.941200557364503,18.789473684210527,0.47045306955279254
1058_711.txt,0.9622364865069349,11.03225806451613,0.37872816315590707
1056_696.txt,0.9629447573744656,14.846153846153847,0.468422519509476
1017_181.txt,0.8574122090461846,25.59259259259259,0.4559268155432586
1036_436.txt,0.928731267547057,16.294117647058822,0.43222953517071167
1023_266.txt,0.9118143981882395,16.88888888888889,0.3939462679658758
1021_244.txt,0.9099349517821889,18.625,0.3598755900077038
1048_584.txt,0.9286671650272003,15.875,0.38521784051002317
1007_066.txt,0.978064963359081,12.8,0.4447140578719526
1011_117.txt,0.9070051436924502,17.63157894736842,0.4264329860192738
1011_118.txt,0.923322056812395,15.055555555555555,0.4352509533555285
1036_442.txt,0.9577179443166159,12.72972972972973,0.41361470981036197
1057_706.txt,0.8349669585385668,22.545454545454547,0.6438824718267521
1017_174.txt,0.9396949837247152,20.125,0.453731684981685
1020_228.txt,0.8766196000519881,23.3,0.388563628933526
1032_380.txt,0.8950036487917089,20.0,0.4091350347355439
1051_628.txt,0.8453563484511553,18.166666666666668,0.3883522179574811
1019_207.txt,0.9106065745759748,20.5,0.39701759678230264
1033_392.txt,0.927451026119403,19.0,0.38214245848756717
1025_289.txt,0.8671285049654621,21.105263157894736,0.41593849906543406
1052_649.txt,0.9575403030371974,16.0,0.3933172807232626
1012_130.txt,0.9451603470084946,12.822222222222223,0.34835832305904546
1006_042.txt,0.9629246226769446,9.73076923076923,0.5224799239222316
1036_446.txt,0.9610361066462366,14.923076923076923,0.42492176990271774
1008_071.txt,0.9464790551329014,10.384615384615385,0.47118394426086735
1039_466.txt,0.940992131186841,17.0625,0.40321294865122265
1023_263.txt,0.9419935536007669,17.142857142857142,0.3823045525684476
1008_079.txt,0.9477211639110953,10.956521739130435,0.435503795721187
1041_502.txt,0.9373243950764959,12.857142857142858,0.40386526353215085
1006_046.txt,0.9408546446822672,16.45,0.41632347359233546
1054_675.txt,0.8653708134752324,16.045454545454547,0.3676470317251531
1021_238.txt,0.8991033661355458,18.25,0.3938707478211623
1009_088.txt,0.8695539275539276,25.533333333333335,0.4242255729606452
1030_361.txt,0.9106846059978442,24.25,0.3361569479840396
1033_401.txt,0.9467700774068698,16.45,0.38487477456312025
1049_607.txt,0.9422145805441272,11.852941176470589,0.34777634982238564
1050_624.txt,0.9246121525533291,22.7,0.3842042305226889
1042_520.txt,0.937753997398136,14.863636363636363,0.341680920090011
1006_049.txt,0.9031463987604339,11.25,0.5567632850241546
1049_597.txt,0.950356709603033,15.458333333333334,0.35629975832374633
1042_516.txt,0.9512794747717608,11.806451612903226,0.38404431006114037
1032_388.txt,0.9532194975673236,13.615384615384615,0.4077463266455309
1051_640a.txt,0.9821428571428571,4.8125,0.8854166666666666
1011_120.txt,0.928209078503196,13.952380952380953,0.4159949994406826
1029_343.txt,0.8873809799071858,18.5,0.3933089198849888
1016_166.txt,0.9045601675682015,17.91304347826087,0.37260625827010796
1046_563.txt,0.9542523569198034,14.0,0.3482656642345224
1024_274.txt,0.9298920838540145,13.727272727272727,0.4045720693447966
1045_549.txt,0.901485459884437,23.2,0.3558027761711972
1022_252.txt,0.9064091350102795,15.357142857142858,0.3590563017931992
1043_529.txt,0.9483827404479578,10.956521739130435,0.5183342335043658
1017_178.txt,0.9226492709147358,14.73913043478261,0.5537820256883037
1020_213.txt,0.915102657004831,17.5,0.386687649355948
1054_670.txt,0.8772951022584453,14.363636363636363,0.3971773711324795
1056_700.txt,0.9463374710573708,10.923076923076923,0.5177503052503053
1045_546.txt,0.9331725510853859,19.88888888888889,0.3830389655862345
1051_635.txt,0.8042338871282169,20.545454545454547,0.3745820090198648
1021_231.txt,0.9470857805114696,11.925925925925926,0.5227221761535487
1045_548.txt,0.8814212057761076,22.217391304347824,0.3903075662831458
1047_578.txt,0.9590432934869854,12.041666666666666,0.43230866355866354
1036_434.txt,0.9507009024081371,11.444444444444445,0.37655312523733575
1021_237.txt,0.8801948709737634,16.714285714285715,0.5021254682745366
1027_314.txt,0.8907981193945889,17.65,0.3569133970604559
1039_480.txt,0.9124114546701073,20.5625,0.4088508400752253
1030_372.txt,0.8666666666666667,7.333333333333333,0.85
1005_035.txt,0.9615249864423784,15.090909090909092,0.3377891741981826
1030_367.txt,0.9330404821718526,20.333333333333332,0.3527795584045584
1052_642.txt,0.8814122628842356,19.38888888888889,0.43348410848410845
1050_618.txt,0.9443313972388676,13.346153846153847,0.34624235116316565
1054_676.txt,0.8983756601649051,12.0,0.3975357541009715
1028_336.txt,0.9102558765321739,22.333333333333332,0.3470249394533502
1051_638.txt,0.8565998646662264,17.5,0.33549184679699384
1028_334.txt,0.9016295631126083,23.235294117647058,0.4199177788107895
1026_301.txt,0.9171335973967553,19.157894736842106,0.41412904824082364
1029_347.txt,0.9385776772365647,12.0,0.41641147138680035
1054_664.txt,0.8974263752046128,12.033333333333333,0.37942948119418707
1018_199.txt,0.9910364145658264,7.928571428571429,0.46270408163265303
1008_081.txt,0.973924963924964,9.285714285714286,0.36140763997906855
1049_598.txt,0.9210992316051719,17.142857142857142,0.3869379666202145
1021_233.txt,0.9149534376879123,15.448275862068966,0.40088096910617643
1033_398.txt,0.8737217690433359,25.09090909090909,0.36159243788347895
1012_134.txt,0.9489340554408767,11.791666666666666,0.37524985059108623
1011_110.txt,0.9625030025431095,13.757575757575758,0.4062938483111576
1029_352.txt,0.9348729378232201,13.911764705882353,0.4096032235738118
1043_528.txt,0.9301118244927497,15.434782608695652,0.5103629834534826
1035_424.txt,0.889157424390622,19.764705882352942,0.44154097156833133
1032_378.txt,0.9074474995184842,17.22222222222222,0.3244767069620871
1017_184.txt,0.8697913698377069,23.09090909090909,0.4046591849708555
1019_200.txt,0.9197005858196311,15.461538461538462,0.41481136016945036
1029_348.txt,0.9343647827023787,15.035714285714286,0.344569882608914
1030_370.txt,0.9201576429658622,16.3,0.34243815395131183
1009_091.txt,0.9068624187279085,15.526315789473685,0.4598027871639905
1037_458.txt,0.9467658328392811,14.73076923076923,0.40626566118647567
1030_362.txt,0.909608865939161,16.695652173913043,0.3878546565980945
1027_315.txt,0.9213253237781415,19.136363636363637,0.3926247159942812
1036_451.txt,0.9810659186535764,10.25,0.5784420289855072
1019_206.txt,0.9029581818823305,18.105263157894736,0.502962940949211
1019_209.txt,0.8898651304523103,16.818181818181817,0.3895846998119725
1013_148.txt,0.9114777443653147,15.925925925925926,0.3844900911665044
1014_151.txt,0.9072617562599619,17.454545454545453,0.5163282289113474
1013_138.txt,0.946672877411514,15.295454545454545,0.3749507636722131
1026_305.txt,0.9744710003672629,12.583333333333334,0.39660565336316617
1048_593.txt,0.9444761888315627,12.705882352941176,0.4133520116081658
1016_170.txt,0.9606844223471018,12.484848484848484,0.39955878804625433
1005_033.txt,0.9547034724818679,12.5625,0.4578962040818658
1047_580.txt,0.9447760732830005,13.451612903225806,0.5116254713028907
1009_090.txt,0.9203960499947059,18.09090909090909,0.43292011019283744
1005_037.txt,0.9588785351871455,13.2,0.42784795321637425
1046_568.txt,0.8851601061925466,11.823529411764707,0.4000215470803706
1009_097.txt,0.8722001858998764,24.5,0.3564634443779985
1010_103.txt,0.9258250220711522,14.076923076923077,0.4281135531135531
1009_094.txt,0.910769697471764,22.466666666666665,0.36621890092478326
1056_691.txt,0.8386238794316027,31.8,0.32897280237631116
1049_603.txt,0.9105657628844407,20.833333333333332,0.4290466112189659
1037_459.txt,0.9435866403272494,18.833333333333332,0.42378354588880907
1053_653.txt,0.9433332719052535,11.357142857142858,0.4741290794627261
1032_390.txt,0.9426313628899836,11.571428571428571,0.6145743145743146
1036_443.txt,0.932339625008798,14.285714285714286,0.4591385677077849
1039_471.txt,0.874515796656827,25.8,0.372878894645485
1043_526.txt,0.8795326783502818,24.533333333333335,0.4485892090662656
1062_745.txt,0.9004074467545242,20.0,0.3949205980460587
1008_074.txt,0.9586522301472915,13.1875,0.3574038902673414
1022_254.txt,0.9373564922084411,10.625,0.4403126393057743
1025_291.txt,0.9273548061261775,18.416666666666668,0.42252533044874185
1045_541.txt,0.9318191849851829,17.363636363636363,0.38146092676595067
1058_708.txt,0.9537394576937305,10.695652173913043,0.4430156799722017
1050_612.txt,0.9305641269047724,14.0,0.38204207513153443
1054_663.txt,0.9205319157443542,9.5,0.357360519965562
1013_142.txt,0.9372909995438877,14.1,0.3857130246871409
1024_275.txt,0.9088156818301891,16.571428571428573,0.39701076561978815
1050_613.txt,0.9089078478177338,22.5625,0.33938505220832804
1020_225.txt,0.9263333448879091,19.733333333333334,0.3048896013715684
1046_564.txt,0.9254813784141338,18.136363636363637,0.42445328622525785
1016_167.txt,0.9097310434307556,18.625,0.424636602642501
1007_064.txt,0.9276670423318044,14.5,0.442415698336751
1005_039.txt,0.9259038699504741,14.74074074074074,0.386286833730473
1015_155.txt,0.9457523867034736,14.0,0.5285947712418301
1002_017.txt,0.8869653623723391,20.833333333333332,0.39517559195190777
1032_385.txt,0.9446651133307805,11.173913043478262,0.3413694650370667
1015_158.txt,0.9438744413591202,16.217391304347824,0.36841330520815146
1013_147.txt,0.9273738613143444,14.387096774193548,0.3757958564866107
1060_733.txt,0.9611766276558933,8.976190476190476,0.41918145381491245
1008_078.txt,0.9670089038750296,12.647058823529411,0.5252768923661418
1035_419.txt,0.9570875543302014,9.88888888888889,0.451039331039331
1005_040.txt,0.9706045966915532,10.533333333333333,0.5066650211387054
1018_197.txt,0.9240991851285969,14.272727272727273,0.37514681700728214
1040_485.txt,0.9287031206238658,13.2,0.3870012395012395
1036_448.txt,0.9551135531135533,12.2,0.4504188939715255
1023_258.txt,0.9343093568125538,12.55,0.41924967554805015
1037_464.txt,0.9182624393150709,13.357142857142858,0.5951359710550886
1059_717.txt,0.9315759616338158,14.709677419354838,0.44410940630105716
1045_553.txt,0.9300980460364631,14.96,0.39525922381711853
1022_255.txt,0.9435439560439559,9.923076923076923,0.3618881118881119
1010_100.txt,0.9607283726112561,9.823529411764707,0.5816143028797828
1033_406.txt,0.9296429153875758,17.416666666666668,0.378988895915173
1035_428.txt,0.9564521608722492,10.875,0.48581442334839076
1048_591.txt,0.9638804378742459,11.787878787878787,0.41753522385558695
1019_203.txt,0.8842362004683089,20.944444444444443,0.33140346755010014
1009_092.txt,0.9793998571088355,9.823529411764707,0.43613769271664005
1060_731.txt,0.9473293811988666,11.34375,0.46055092612997023
1037_463.txt,0.9291057062543805,17.0,0.4120381981167072
1005_041.txt,0.9736324786324786,7.533333333333333,0.6072222222222222
1044_534.txt,0.9565869802711907,12.538461538461538,0.4563305158893394
1045_543.txt,0.9142713323951529,15.72,0.44325183863264356
1001_002.txt,0.9353947724869216,14.333333333333334,0.4298187446281288
1020_211.txt,0.889714572697766,26.833333333333332,0.35029785696280014
1036_433.txt,0.9345384927367467,12.206896551724139,0.4203030685789306
1033_405.txt,0.9418716919761811,17.0,0.34618673993987836
1049_595.txt,0.917456373773578,13.333333333333334,0.43846234951307417
1050_616.txt,0.9361237696734097,15.115384615384615,0.3932427372072681
1007_060.txt,0.920509353664781,18.666666666666668,0.40292379871415446
1018_186.txt,0.957080132511167,12.214285714285714,0.379479545441365
1051_627.txt,0.8531180086542867,19.35,0.35959265665869494
1051_637.txt,0.9153808198969489,15.1,0.38155856011893163
1022_249.txt,0.8984417507918256,14.172413793103448,0.4084025295774684
1040_487.txt,0.9295921958888524,12.03225806451613,0.40677677528710837
1020_219.txt,0.9090552699768345,18.605263157894736,0.36006062885971574
1049_602.txt,0.9291418298008743,15.4375,0.3920955560761347
1036_435.txt,0.9394163701931474,17.384615384615383,0.4091968834006359
1012_129.txt,0.9641311752448062,10.081632653061224,0.496491435271643
1013_144.txt,0.9333251803651154,15.451612903225806,0.33926722059524417
1042_521.txt,0.9541796776209052,14.0,0.3691634957921999
1011_113.txt,0.9291134649408149,16.0,0.41077916685204136
1028_339.txt,0.9055803571428573,13.7,0.5464539007092198
1045_544.txt,0.8524675259037054,30.928571428571427,0.4050293622018146
1006_054.txt,0.933240655902392,13.806451612903226,0.38566708300058977
1045_547.txt,0.9196621135105455,19.157894736842106,0.413529659461692
1029_345.txt,0.9642107546254279,12.709677419354838,0.3766552014706045
1005_036.txt,0.9081953546969027,20.5,0.4134778331424673
1028_327.txt,0.8719223943861517,22.705882352941178,0.41018353042574496
1037_453.txt,0.934514248616328,14.956521739130435,0.4057297171427606
1022_253.txt,0.8736221277508518,19.291666666666668,0.3383599341479776
1062_744.txt,0.8949460816607057,18.11764705882353,0.3974324823783028
1055_678.txt,0.9474583895636527,9.736842105263158,0.5162546517809675
1040_493.txt,0.9634797690505995,10.235294117647058,0.4197488613897283
1025_285.txt,0.9248447808524706,16.857142857142858,0.37512476241011133
1039_476.txt,0.9458199786324786,14.5625,0.42731787865664606
1016_165.txt,0.9389423739393992,15.321428571428571,0.40102615638329925
1041_511.txt,0.9046985764852925,18.428571428571427,0.40920189226238063
1035_421.txt,0.9251886730228835,14.32,0.4307136093621029
1052_645.txt,0.9297602853110858,15.6,0.4787644993894994
1024_278.txt,0.9500506140684711,13.607142857142858,0.400805972598225
1039_469.txt,0.8858866425840376,22.789473684210527,0.44585840238788965
1046_562.txt,0.9182607075464219,15.636363636363637,0.4176726972370701
1040_488.txt,0.9394606530862688,12.911764705882353,0.5081414576338088
1040_484.txt,0.9553686273978214,11.5625,0.40620793223589274
1040_489.txt,0.9354973654864776,13.774193548387096,0.4729283858316116
1047_573.txt,0.9420503451327406,14.371428571428572,0.3971543307502387
1034_409.txt,0.9225231183990776,16.304347826086957,0.47819505165832005
1013_141.txt,0.9164414855158957,14.030303030303031,0.35555960023913213
1008_077.txt,0.9608608058608059,12.6875,0.39500707625707626
1029_350.txt,0.9379513909262193,14.076923076923077,0.38649553061317765
1039_470.txt,0.9238105456895259,16.416666666666668,0.3911320313458471
1046_559.txt,0.9377157574651295,13.542857142857143,0.4523550787836502
1012_127.txt,0.9775777383150468,7.465753424657534,0.4395068401917717
1018_194.txt,0.9473545591045591,14.666666666666666,0.4177243018419489
1042_522.txt,0.9081239604192968,13.0,0.35534408239411436
1024_277.txt,0.9382387016318915,12.724137931034482,0.3981440972820283
1027_321.txt,0.9416850356108668,12.108108108108109,0.4487624347918466
1050_621.txt,0.8915449316874674,22.181818181818183,0.38196118196118195
1015_159.txt,0.9172883454938835,16.692307692307693,0.364269864750634
1039_477.txt,0.8994557753024267,25.352941176470587,0.45019749298066797
1058_712.txt,0.9476967279912143,12.333333333333334,0.43328136810279666
1023_260.txt,0.907645615641194,21.136363636363637,0.38237519085033866
1029_354.txt,0.9581979841378337,11.25,0.43052746785746565
1014_152.txt,0.9556609156656831,11.62962962962963,0.49375233819678266
1029_355.txt,0.9411166024981815,12.432432432432432,0.3901682578153166
1047_572.txt,0.9480815134040941,15.703703703703704,0.38852664766596906
1059_716.txt,0.9098762512475154,17.384615384615383,0.3174129352296773
1006_044.txt,0.9203236952606523,14.545454545454545,0.4056293642500539
1052_648.txt,0.9149280247435119,19.61111111111111,0.3842255905142902
1006_047.txt,0.9140102089048305,16.94736842105263,0.39200342584942605
1039_467.txt,0.9284043252218522,16.48148148148148,0.39254159420826085
1015_162.txt,0.9067643817771696,18.5,0.38607861768746937
1017_179.txt,0.8881413459087631,22.285714285714285,0.41512525570000075
1037_452.txt,0.9645277598218774,14.333333333333334,0.4339039827275121
1007_059.txt,0.9048526355266626,19.27777777777778,0.45265727562993097
1048_582.txt,0.9288979846356897,18.473684210526315,0.3992159041328016
1029_342.txt,0.9517401708750682,13.757575757575758,0.41699113102621876
1049_601.txt,0.9427149942535096,12.470588235294118,0.4266782645459116
1052_650.txt,0.9104538938994755,18.576923076923077,0.3994697689419342
1046_556.txt,0.8989336453155695,17.875,0.41220282904834155
1006_043.txt,0.9456923373206898,15.055555555555555,0.3855847341936389
1060_730.txt,0.9389379444546325,11.75,0.4473540150325864
1046_557.txt,0.9282804161043715,14.88888888888889,0.4123399822484491
1018_191.txt,0.9689132553606238,10.4,0.5612343212343213
1035_431.txt,0.9407313203459249,14.294117647058824,0.5005571249439221
1055_682.txt,0.9052688693999728,18.0,0.403138411296306
1034_415.txt,0.9298794463178072,18.333333333333332,0.35499328519286505
1037_456.txt,0.9163136027528291,20.944444444444443,0.44735399314818197
1023_268.txt,0.8887789689256819,23.0,0.3491555161864455
1039_465.txt,0.9283934570086035,17.4,0.4142034011572551
1011_126.txt,0.9407822077971718,16.0,0.3991527977741213
1051_629.txt,0.8834117370417681,20.73076923076923,0.40684484842221297
2002_015.txt,0.8475868725868725,39.8,0.423509515099002
2018_278.txt,0.8582043016555124,21.0,0.3789887612100126
2005_077.txt,1.0,5.666666666666667,0.8
2024_367.txt,0.7589495342737776,57.2,0.3420975631148561
2022_327.txt,0.8286526130302274,47.5,0.34832711357570617
2021_322.txt,0.881204812063264,28.307692307692307,0.335287247126712
2008_134.txt,0.8504957707898886,26.3,0.33406926406926407
2006_103.txt,0.9190169195651655,19.944444444444443,0.3106348013823504
2007_117.txt,0.8892882627068832,20.789473684210527,0.37033757639713316
2014_229.txt,0.8896541175026794,24.2,0.33359903009925024
2010_173.txt,0.9414367434448156,18.6875,0.4278892931006902
2013_217.txt,0.9165269369812612,23.375,0.34336471583691
2002_036.txt,0.9488848704038578,20.0,0.4170068027210884
2026_389.txt,0.8714416056021745,32.166666666666664,0.42115341355392
2011_178.txt,1.0,5.875,0.5631944444444444
2011_180.txt,0.8869906331707963,22.68421052631579,0.38088661891108966
2026_394.txt,0.8977329885284588,29.6875,0.30859564791746064
2008_140.txt,0.8723424229289504,26.857142857142858,0.3626638976041895
2024_372.txt,0.7817242450449987,39.0,0.3261608702409334
2006_105.txt,0.9587057010785824,11.818181818181818,0.3687918142463597
2010_159.txt,0.9285714285714286,14.0,0.4444444444444444
2026_392.txt,0.9036029411764707,28.875,0.30309106098579786
2015_249.txt,0.8298892769768359,38.38461538461539,0.36580196827193456
2002_026.txt,0.8417232021709633,41.8,0.28163821472645
2011_186.txt,0.9787004167309771,12.636363636363637,0.4658211069975776
2011_183.txt,0.9510633257360472,14.263157894736842,0.4701980757743735
2024_376.txt,0.8269673648032932,43.77777777777778,0.33514913722230794
2013_203.txt,0.8267282531785377,31.09090909090909,0.3735652934022499
2012_199.txt,0.8760649968538227,27.833333333333332,0.4142381804567159
2007_110.txt,0.9063468730009266,17.791666666666668,0.3387794347739327
2016_257.txt,0.8749123054001103,29.714285714285715,0.32130014231031356
2026_396.txt,0.8306829573934837,43.5,0.3548725300904257
2003_045.txt,0.8728784843457711,21.09090909090909,0.3902425982213216
2007_106.txt,0.9333333333333332,4.8,1.0
2022_335.txt,0.8286779902661833,34.9,0.3726618807923156
2019_285.txt,0.7861263736263737,40.4,0.39998849781458473
2001_007.txt,0.8667274726824109,37.583333333333336,0.4210678807957374
2005_083.txt,0.8087193599273989,46.77777777777778,0.39388628800393505
2004_056.txt,0.9025481622668324,15.0,0.36121117840920375
2017_271.txt,0.8867713367202237,32.4,0.35405152815748986
2005_084.txt,0.8129392734442263,36.5,0.4870274963542866
2001_008.txt,0.8558455775013977,39.57142857142857,0.39818347628906636
2007_113.txt,0.9129967805411576,19.263157894736842,0.40166015271278427
2001_000.txt,0.7497276162717339,70.75,0.3330925040911361
2001_004.txt,0.8001515492951775,40.857142857142854,0.4042750369769003
2009_154.txt,0.9130473976998498,17.814814814814813,0.4051358130570975
2015_246.txt,0.884936509541985,35.38461538461539,0.4361739979437156
2017_265.txt,0.8367694030669978,46.333333333333336,0.34363121155573984
2026_382.txt,0.8583800544657209,36.0,0.35636148576035054
2007_107.txt,0.8762130749866806,23.8,0.37033993464620063
2002_035.txt,0.7969681631127266,43.266666666666666,0.34666136277534787
2002_027.txt,0.8071233408313097,62.833333333333336,0.40567226712758203
2005_087.txt,0.8050781516620026,65.71428571428571,0.4346057914431479
2006_092.txt,0.8869842868699708,22.333333333333332,0.3572245052571896
2006_100.txt,0.8855699439134138,26.545454545454547,0.3645803903252337
2022_346.txt,0.8783693109386074,30.0,0.35541789073145513
2010_167.txt,0.9335098087272914,20.0,0.3132105721076309
2014_236.txt,0.8769062525713162,26.4375,0.33676370065457595
2020_297.txt,0.8461800188429565,35.333333333333336,0.32478068940287974
2004_066.txt,0.8674944029105202,20.869565217391305,0.3663792395561928
2009_150.txt,0.8810442053452084,20.5,0.3330938261754562
2026_395.txt,0.8709345913553488,19.0,0.4174074074074074
2026_391.txt,0.8668900748208498,34.72727272727273,0.3390177694005445
2003_048.txt,0.9183447453684721,18.333333333333332,0.39458575906851767
2012_192.txt,0.9185424830805267,22.5,0.3282516781965311
2002_017.txt,0.9019850223679412,24.785714285714285,0.3479607439815419
2005_086.txt,0.8544973544973544,47.666666666666664,0.3710089399744572
2007_109.txt,0.9099430345562527,22.27777777777778,0.420737078800999
2003_039.txt,0.8295918219553173,31.846153846153847,0.40082070707070705
2013_210.txt,0.9147455194610586,25.05263157894737,0.3480780940467852
2017_267.txt,0.8965334971074547,24.352941176470587,0.36211022185382097
2019_288.txt,0.8294128767643634,33.583333333333336,0.3543882167890376
2022_347.txt,0.8814864879923334,29.066666666666666,0.3343169997842226
2004_054.txt,0.8862836700638176,31.333333333333332,0.3849007272920316
2006_101.txt,0.9368892908513581,16.923076923076923,0.336148354759828
2004_062.txt,0.9186050647318252,19.125,0.47584033613445376
2002_016.txt,0.8630397759234557,36.77777777777778,0.3219135031635032
2010_160.txt,0.8845014814307061,22.294117647058822,0.3951092361957317
2022_330.txt,0.8993812214151197,30.666666666666668,0.37506256256256254
2012_194.txt,0.8639445798223077,22.555555555555557,0.3873534370846199
2013_213.txt,0.8829432664007649,27.2,0.36454281472039907
2007_115.txt,0.8634264090165144,25.88888888888889,0.3439336006832501
2009_153.txt,0.8806020974332379,21.708333333333332,0.3382712466839515
2019_289.txt,0.8658501268846097,29.8,0.35344821844821844
2018_281.txt,0.9420779066612401,14.61111111111111,0.5514047200677081
2022_349.txt,0.8712229876880712,25.75,0.27730964975809924
2013_216.txt,0.9098307279901208,20.88235294117647,0.4806255013193864
2005_076.txt,0.8197802197802199,7.8,0.65
2004_053.txt,0.8358083050683479,30.055555555555557,0.3564107103688549
2022_345.txt,0.8914278745038549,27.916666666666668,0.3766575669466136
2023_358.txt,0.8726750964696882,26.266666666666666,0.3241219481282055
2009_151.txt,0.8957063815984555,23.736842105263158,0.38814839392051514
2002_023.txt,0.8518533410843473,33.46153846153846,0.3126330619159824
2008_118.txt,0.8286855622126938,33.22222222222222,0.29809971070680985
2012_187.txt,0.9523809523809524,6.166666666666667,0.4305555555555555
2008_132.txt,0.9121885599402195,18.72,0.35988188419767364
2011_181.txt,0.9061666907546877,19.58823529411765,0.35853625421099466
2001_012.txt,0.7645856445510099,45.285714285714285,0.43623060509470246
2021_313.txt,0.8670366169587527,27.636363636363637,0.35601203445712076
2021_311.txt,0.8200095759824958,36.25,0.35302769570678183
2004_050.txt,0.918340699626546,18.5,0.6036898395721925
2012_193.txt,0.8958280578940705,23.789473684210527,0.38994848463202647
2020_307.txt,0.9194688269573064,27.666666666666668,0.32396616541353385
2020_306.txt,0.8368014572695499,35.888888888888886,0.3482321303577342
2014_222.txt,0.8576145712575735,30.136363636363637,0.3463300532015757
2019_287.txt,0.8173143793171334,37.5,0.3888199606062182
2001_009.txt,0.8341267025838709,42.0,0.3542684780451847
2020_301.txt,0.8730564744384052,30.0,0.36211762971844996
2009_156.txt,0.9128323123680094,18.703703703703702,0.42953614395134865
2014_230.txt,0.8785275381018413,22.9,0.36319182912603964
2013_214.txt,0.8842381465512732,21.75,0.4188105514813826
2002_019.txt,0.902225749079296,21.0,0.3707716231881781
2004_068.txt,0.8965638614051926,21.05263157894737,0.3464808889469331
2006_090.txt,0.8883128883884931,19.125,0.4034602200537799
2020_300.txt,0.899312948624504,34.44444444444444,0.3674603174603175
2013_208.txt,0.921727583178108,16.545454545454547,0.30740433479563917
2003_040.txt,0.8864210209368623,23.61111111111111,0.3398830334358894
2014_226.txt,0.8215780452286898,40.57142857142857,0.33876700048190195
2014_223.txt,0.8645923061519608,39.75,0.33950946097418816
2024_373.txt,0.8452220942140297,37.666666666666664,0.31826262352578144
2015_238.txt,0.8367079053896921,42.7,0.3706533512006165
2016_256.txt,0.8839513682931973,24.75,0.4270419347479567
2026_383.txt,0.9107764434854219,29.09090909090909,0.31005544163438903
2018_280.txt,0.8843583722315065,27.125,0.32939643367468446
2009_155.txt,0.9307193504700978,16.17142857142857,0.35841027803997116
2021_319.txt,0.8309596520146174,29.833333333333332,0.41108238167061695
2013_207.txt,0.9083569820765092,23.181818181818183,0.3472115827238259
2014_237.txt,0.9361832666320744,23.076923076923077,0.3636088040499805
2024_371.txt,0.7599828327180753,43.111111111111114,0.34365960409042234
2022_351.txt,0.8873323763206523,26.0625,0.3451617509093328
2021_321.txt,0.9061138038621742,20.2,0.32247640789436455
2011_179.txt,0.9195309227977104,17.76923076923077,0.4431864918707024
2009_148.txt,0.8951321950794475,19.625,0.4041035987794722
2006_104.txt,0.9345034902333821,14.258064516129032,0.3728434933544921
2021_318.txt,0.8457369899157691,36.75,0.33501152865642825
2014_231.txt,0.9161995101535331,21.666666666666668,0.3609447219286521
2023_359.txt,0.7120285939434876,65.4,0.29407887818788003
2010_177.txt,0.9356060606060606,13.0,0.3207070707070707
2021_309.txt,0.855930290537113,31.90909090909091,0.4505940630342544
2004_063.txt,1.0,5.571428571428571,0.5136054421768708
2018_283.txt,0.9056378609135963,18.625,0.37630194050230814
2022_355.txt,0.8461128575994504,38.0,0.3535490496509987
2022_329.txt,0.7195021025731666,54.75,0.31728458989229497
2015_247.txt,0.8867713367202237,32.4,0.35405152815748986
2010_174.txt,0.9239982294456316,21.454545454545453,0.3364411571947457
2004_051.txt,0.922311873730337,18.0,0.43585030621315785
2001_011.txt,0.8417656915732251,37.875,0.3631224783670436
2003_047.txt,0.9109043109314204,23.3125,0.3560450879529827
2008_136.txt,0.8980067405914863,19.6875,0.3674481913833189
2008_129.txt,0.8628121370499419,29.0,0.4138392857142857
2021_324.txt,0.8682819540859823,21.8125,0.4037767466103932
2021_315.txt,0.9052636549942082,24.4,0.36141044439431536
2020_299.txt,0.8389064409728783,43.625,0.3778883836143153
2005_081.txt,0.843750156512158,40.0,0.39010541602370685
2017_269.txt,0.8332766322314865,37.916666666666664,0.2966956065048018
2011_185.txt,0.8670027149548428,30.714285714285715,0.3866683532387314
2004_064.txt,0.9393023482721815,14.894736842105264,0.4166704025429787
2026_390.txt,0.8945308402890372,33.166666666666664,0.43203416836057446
2015_243.txt,0.8965334971074547,24.352941176470587,0.36211022185382097
2024_361.txt,0.7558245711381206,56.8235294117647,0.3189651985014794
2021_323.txt,0.889933696184172,23.8125,0.3599719291125541
2020_305.txt,0.8713415778070951,34.0,0.3432535597590677
2015_239.txt,0.8327219291324371,35.0,0.3277890825835413
2024_362.txt,0.8816688817391255,30.90909090909091,0.3779287798983471
2021_312.txt,0.8254377773943076,29.166666666666668,0.3456884385455814
2008_139.txt,0.861823380755688,25.363636363636363,0.3515128629604914
2008_131.txt,0.8524027704008008,25.88888888888889,0.39903384380160906
2022_331.txt,0.7947617761254412,49.285714285714285,0.2963484752726435
2002_032.txt,0.8807938686286211,29.72222222222222,0.38158667687653197
2007_108.txt,0.8746303585281028,23.47826086956522,0.37656190822169844
2024_365.txt,0.7489303194098288,45.36363636363637,0.3460820722329674
2004_052.txt,0.9133993691025366,19.11764705882353,0.3692276837605557
2002_025.txt,0.9134499995878974,22.53846153846154,0.35729334767796306
2007_111.txt,0.8431731898710102,29.727272727272727,0.3875439395774324
2006_098.txt,0.8942388021335389,25.333333333333332,0.3445081986748653
2026_387.txt,0.8306829573934837,43.5,0.3548725300904257
2020_296.txt,0.8109951348561873,57.57142857142857,0.44744413116123644
2022_344.txt,0.825189393939394,39.166666666666664,0.3798148148148148
2012_200.txt,0.9407435572837216,18.833333333333332,0.38019179894179894
2020_303.txt,0.8206358034500415,36.4,0.3772788614893878
2013_206.txt,0.918292191709978,25.363636363636363,0.36075050513553186
2021_325.txt,0.9291176470588235,21.0,0.35337249304640606
2004_070.txt,0.8275516894299252,33.84615384615385,0.4341390884211619
2014_233.txt,0.9207737375318957,20.571428571428573,0.38226400320101217
2008_142.txt,0.8648215951718273,24.5,0.3614498426640826
2010_175.txt,0.9125234808315934,23.15,0.36632305912478325
2008_143.txt,0.8703330944517165,20.80952380952381,0.4211601967904489
2010_165.txt,0.8152904182267873,34.30769230769231,0.33145246333420386
2002_020.txt,0.8645345094028497,29.307692307692307,0.3055406253844438
2013_215.txt,0.9127484194709252,21.45,0.37223004762545747
2003_041.txt,0.9253496559858567,18.11111111111111,0.3344094113926303
2017_274.txt,0.8609658341255437,37.8,0.33155934647595486
2021_316.txt,0.8490320782017571,31.1,0.34369013817474714
2002_021.txt,0.8587959975012474,31.666666666666668,0.37893282350620583
2022_338.txt,0.8467097557871014,28.545454545454547,0.3383295513593122
2003_046.txt,0.8679976765021694,32.13333333333333,0.4248007035298556
2004_074.txt,0.8828397111440224,23.272727272727273,0.34267425651126837
2022_352.txt,0.8928399248148465,28.272727272727273,0.40460070015632815
2012_197.txt,0.9419523599446873,16.6,0.41344480890533525
2010_169.txt,0.8991212595888953,27.0,0.3381042360340363
2003_038.txt,0.8620701868029816,26.866666666666667,0.37396716246716244
2026_384.txt,0.8583256822689526,35.166666666666664,0.35591238471673253
2003_042.txt,0.8508221512447265,33.25,0.3584592841858021
2010_168.txt,0.9104890934246535,27.11764705882353,0.32639088363334806
2003_037.txt,0.9217296677021132,20.636363636363637,0.32851092445097513
2008_138.txt,0.8613887275904989,26.454545454545453,0.3395427348464586
2024_360.txt,0.8946204122674711,22.6,0.4091427091427091
2020_308.txt,0.7823565013980835,48.666666666666664,0.36860034191955604
2018_284.txt,0.8450360082304527,39.0,0.40734265734265734
2005_078.txt,0.7906281837724393,46.75,0.4919850783439916
2008_145.txt,1.0,6.25,0.23392857142857143
2005_085.txt,0.8456782713085235,69.42857142857143,0.4569680418267798
2008_130.txt,0.8056808010189186,43.2,0.3612319196418293
2017_275.txt,0.8668208623917041,35.5,0.34795574795574796
2016_255.txt,0.8230021544286422,30.77777777777778,0.3488189970948592
2008_119.txt,0.8708658008658009,24.2,0.26304167280947466
2005_088.txt,0.8343755298480842,36.083333333333336,0.3302283287364229
2009_157.txt,0.9040576593715499,21.58823529411765,0.39563553807865814
2006_096.txt,0.8496590835405952,29.214285714285715,0.33416857071648776
2003_044.txt,0.9007741392081476,25.0,0.3743081999139342
2016_260.txt,0.8770233123653841,21.75,0.3969952261978124
2009_149.txt,0.8556388520320409,31.0,0.5270820769269045
2026_397.txt,0.8738677222719775,29.833333333333332,0.3217798074591553
2001_001.txt,0.7786506386568057,47.333333333333336,0.36372835054088043
2019_290.txt,0.7927325871059887,51.25,0.2685597412480974
2022_339.txt,0.7910313394618788,46.7,0.3317196747578567
2024_363.txt,0.8045150704970885,35.1,0.3208074569540735
2011_184.txt,0.9013532793251235,27.785714285714285,0.3472690081551234
2008_124.txt,0.7963573775786468,46.63636363636363,0.3678785409135481
2007_116.txt,0.8888776929335439,27.0,0.38723322287343587
2008_137.txt,0.8661208762501866,17.555555555555557,0.38344525844525845
2014_228.txt,0.8759785909723449,32.5,0.355872668997669
2002_022.txt,0.8340045482588904,42.4,0.4062042178518151
2010_158.txt,0.9653620189334475,10.642857142857142,0.5288704351204351
2021_320.txt,0.8792638854291465,28.444444444444443,0.4303525450584274
2004_060.txt,0.8177380084787348,36.35294117647059,0.3389543866017616
2026_393.txt,0.8583256822689526,35.166666666666664,0.35591238471673253
2009_147.txt,0.9021515253570491,27.066666666666666,0.2740644749835586
2010_163.txt,0.9128803818551191,19.727272727272727,0.41712252527115146
2004_061.txt,0.8482409501397925,26.681818181818183,0.3461126682132616
2008_146.txt,0.8845258537590661,23.0,0.34752484046996923
2008_141.txt,0.8644759545460668,26.055555555555557,0.37281204045109934
2014_221.txt,0.8680957340948198,33.0,0.3427712632269785
2019_286.txt,0.8436341219913255,37.625,0.3563696126129094
2001_013.txt,0.8393642089284121,38.84615384615385,0.382760514941668
2022_336.txt,0.7959077814226121,44.4,0.3205811965811966
2005_079.txt,0.7505772816186809,78.2,0.434923899629782
2012_188.txt,0.9329455266955266,7.0,0.5378787878787878
2005_089.txt,0.8320101351351351,26.333333333333332,0.4929463339904766
2017_273.txt,0.8298892769768359,38.38461538461539,0.36580196827193456
2007_112.txt,0.8942890620872065,21.157894736842106,0.33977804359383307
2022_343.txt,0.8757255409861622,25.333333333333332,0.440970525526135
2008_144.txt,0.8458565685260732,23.4,0.3829234114984889
2015_244.txt,0.8843296250465539,27.6,0.41108860488170834
2008_133.txt,0.9208838069654008,13.222222222222221,0.3805503272894577
2013_202.txt,0.9052994455972667,20.555555555555557,0.3556659278074886
2026_385.txt,0.8977329885284588,29.6875,0.30859564791746064
2017_266.txt,0.6483184823225064,166.5,0.24523809523809523
2003_043.txt,0.8836930856103972,25.0,0.28689301508456955
2022_337.txt,0.8914199134199133,26.2,0.33218325302118545
2024_366.txt,0.8294962934668817,30.333333333333332,0.33532428269214287
2004_055.txt,0.9188537662068192,18.894736842105264,0.4272929504669361
2014_224.txt,0.8736409804552215,35.0,0.2749046485464143
2001_003.txt,0.8385560100644884,40.0,0.36311822746493727
2017_262.txt,0.8342626784726341,42.8,0.3705558853136769
2004_065.txt,0.8643763874231919,21.35,0.3763046501954991
2006_091.txt,0.871613159993086,26.53846153846154,0.3253869023992863
2005_082.txt,0.8543972159685449,45.125,0.47254784688995216
2026_398.txt,0.8789515856950068,27.875,0.43757548309178745
2022_348.txt,0.8781581099912154,29.153846153846153,0.3436645054292113
2008_120.txt,0.8782702919217311,32.27272727272727,0.3579587744827471
2008_127.txt,0.8436558409209496,23.733333333333334,0.40754152165916874
2008_121.txt,0.9143532095144998,24.5,0.3787682727900119
2002_030.txt,0.9057999644465811,22.5,0.37892759110333096
2004_058.txt,0.8954454637036696,23.6875,0.40357301877659246
2019_293.txt,0.8013067179733846,37.166666666666664,0.35737027754571615
2024_379.txt,0.8262706794088959,37.888888888888886,0.32441910608596786
2013_205.txt,0.8845707576295464,19.428571428571427,0.42345972730481796
2012_190.txt,0.8815661978449701,25.533333333333335,0.3873221700402228
2004_069.txt,0.8737492132831972,26.625,0.3541730240407608
2022_340.txt,0.8629857568385981,25.3,0.39114460208170093
2015_241.txt,0.8367694030669978,46.333333333333336,0.34363121155573984
2012_189.txt,0.9559790500491784,11.352941176470589,0.4197530499205968
2022_353.txt,0.9224366814004407,20.105263157894736,0.3674541986176335
2001_002.txt,0.8689108407385905,34.5625,0.42530895230919014
2017_272.txt,0.8438337787506817,32.09090909090909,0.2808578204576968
2002_028.txt,0.8112180187720166,35.15384615384615,0.3581441815441181
2017_263.txt,0.8327219291324371,35.0,0.3277890825835413
2005_080.txt,0.8210835406506881,38.6,0.38572667414423395
2022_332.txt,0.8300345208505938,37.0,0.3563172958975058
2010_166.txt,0.8851267909537044,23.153846153846153,0.3471215642835871
2002_031.txt,0.7746603518295797,43.75,0.2870125515760654
2010_164.txt,0.9348266831802023,25.5,0.3535787843324608
2016_258.txt,0.8934068124857599,26.875,0.40566973615464996
2022_350.txt,0.8390531950694942,30.615384615384617,0.3823640484571659
2022_328.txt,0.7845456542459205,42.44444444444444,0.33000966226772677
2024_377.txt,0.7992669891446056,38.77777777777778,0.4048388408663691
2010_162.txt,0.8886001820668796,23.846153846153847,0.35165578027829086
2002_029.txt,0.8754156486084197,33.25,0.35323387297071507
2002_018.txt,0.8215717708518183,43.916666666666664,0.30708964046875953
2010_161.txt,0.8948172140362941,23.5,0.3174237789774874
2007_114.txt,0.9228226804451851,19.384615384615383,0.4122294056591614
2016_252.txt,0.8881388032613772,23.4,0.44023112282796645
2020_295.txt,0.8568378115481274,26.5,0.3248504514856259
2004_072.txt,0.8346077343562687,31.352941176470587,0.31749667123970543
2006_094.txt,0.9080983000424276,21.9375,0.38677422680479745
2020_302.txt,0.8832635472159354,23.727272727272727,0.3571366361365194
2006_102.txt,0.8762719298855733,24.714285714285715,0.3393731582900626
2012_201.txt,0.950375878601685,14.25,0.449590192693641
2018_276.txt,0.8719413563549,23.142857142857142,0.4113208315469483
2001_010.txt,0.7985809553349876,58.5,0.3498686625735806
2013_211.txt,0.9231280042421347,19.5,0.35279849931443347
2012_191.txt,0.9268098522906215,23.307692307692307,0.3316576912484841
2014_235.txt,0.8528315327445376,29.272727272727273,0.3652879929336686
2012_195.txt,0.8279403547312904,37.111111111111114,0.323535847348278
2019_292.txt,0.8449832775919732,31.125,0.40099891428016426
2008_128.txt,0.9173329051454399,22.26086956521739,0.3288936198782746
2015_248.txt,0.8438337787506817,32.09090909090909,0.2808578204576968
2008_135.txt,0.8315062449160155,35.38461538461539,0.3184097069939525
2002_014.txt,0.9036309003000614,23.083333333333332,0.3873182734776217
2021_310.txt,0.8666916766706683,24.642857142857142,0.37462316083109054
2008_126.txt,0.8498231875950637,33.6875,0.39243790542096624
2013_204.txt,0.8717784597601291,28.68,0.3884702209095741
2013_212.txt,0.8536801363598748,22.666666666666668,0.41588378989588665
2022_334.txt,1.0,13.0,0.3333333333333333
2006_093.txt,0.9043026707812981,20.954545454545453,0.3396815067098851
2017_268.txt,0.8843296250465539,27.6,0.41108860488170834
2004_057.txt,0.899244460540007,23.555555555555557,0.37226688271402986
2008_123.txt,0.8449956567144067,31.0,0.3463747101711498
2011_182.txt,0.9070315446691731,14.433333333333334,0.365995855995856
2004_071.txt,0.913695394471348,19.1875,0.3773427690121769
2024_369.txt,0.8274997834614004,46.4,0.31792614662332974
2012_198.txt,0.9014902598261733,26.066666666666666,0.3683843044849383
2016_261.txt,0.9331465919701213,18.666666666666668,0.30526837928153716
2004_073.txt,0.8971384008148715,17.0,0.3723085193673429
2026_388.txt,0.8738677222719775,29.833333333333332,0.3217798074591553
2010_172.txt,0.8820334478733274,25.642857142857142,0.4236051010597671
2017_264.txt,0.8158120907334602,46.18181818181818,0.2977261577424498
2002_033.txt,0.841524638791045,36.333333333333336,0.3705276955283334
2020_294.txt,0.8427196528764765,29.714285714285715,0.39352154998301614
2015_240.txt,0.8158120907334602,46.18181818181818,0.2977261577424498
2014_220.txt,0.8539847162027613,24.09090909090909,0.399469967304232
2004_075.txt,0.9265866400940415,21.25,0.291039885781899
2008_122.txt,0.8149701048655171,53.8,0.40324174860076023
2018_282.txt,0.9250928609657264,17.583333333333332,0.3660547785547786
2020_304.txt,0.9082675425261236,23.4,0.3543498653348566
2022_354.txt,0.8431970849609246,33.0,0.3966661854479459
2020_298.txt,0.8518689250092149,36.2,0.4262045258675151
2006_099.txt,0.9416867553578382,16.625,0.3577892158455007
2006_097.txt,0.8829257970853898,22.533333333333335,0.33849496973066767
2016_254.txt,0.8955609958374223,16.857142857142858,0.4401628357561537
2016_253.txt,0.9168103918995838,18.68421052631579,0.43958205537152906
2024_370.txt,0.7314980529514937,46.75,0.33554998146597204
2004_067.txt,0.7968049613007596,31.214285714285715,0.3499362471244495
2024_378.txt,0.8306502248578654,28.5,0.39326690821134774
2010_171.txt,0.8971876672894913,21.61111111111111,0.2840350546202052
2015_245.txt,0.8332766322314865,37.916666666666664,0.2966956065048018
2022_326.txt,0.8990483891055112,29.285714285714285,0.39065157644857484
2019_291.txt,0.8808289239186948,28.5625,0.34394238684349043
2001_006.txt,0.8333759343435893,40.285714285714285,0.30584381447710196
2021_317.txt,0.9217015634176627,21.16,0.40537073513824085
2008_125.txt,0.8383776591337839,28.818181818181817,0.3903836419258696
2006_095.txt,0.9180904651424528,19.142857142857142,0.40722810390100056
2024_364.txt,0.8040166345573563,51.0,0.3360233486062816
2001_005.txt,0.8733272977022978,36.625,0.40911402140601055
2022_333.txt,0.8392178802879268,40.25,0.35790224414317884
2024_368.txt,0.7919895499484552,44.76923076923077,0.31175872075960276
2026_386.txt,0.8709345913553488,19.0,0.4174074074074074
2016_259.txt,0.9123111323008568,21.875,0.3999907308042974
2014_227.txt,0.8936230493894567,23.5625,0.43794888357078554
2021_314.txt,0.895257787391779,27.8,0.362911067607037
2010_176.txt,0.9071284271284271,19.133333333333333,0.34013983522497454
2012_196.txt,0.8715804907715631,22.736842105263158,0.3699279739310811
2002_034.txt,1.0,5.0,1.0
2015_251.txt,0.8668208623917041,35.5,0.34795574795574796
2024_375.txt,0.7121425222691045,53.0,0.332274011299435
2013_209.txt,0.8741200526436923,24.68421052631579,0.32735069646674214
2026_381.txt,0.8837974571372752,35.166666666666664,0.43371861520246
2017_270.txt,0.884936509541985,35.38461538461539,0.4361739979437156
2023_357.txt,0.8230240581072318,39.6,0.3331288965833196
2015_242.txt,0.6483184823225064,166.5,0.24523809523809523
2018_277.txt,0.8785046659659073,17.761904761904763,0.4175402429207581
2018_279.txt,0.8534660454634444,24.8125,0.334130268124784
2014_219.txt,0.8700586366380701,29.0,0.34749779830926525
2015_250.txt,0.8609658341255437,37.8,0.33155934647595486
2014_218.txt,0.861042541687703,28.4,0.5098701298701299
2022_342.txt,0.8874843754292931,30.545454545454547,0.45424113555386136
2009_152.txt,0.913278830623381,18.304347826086957,0.4342791057175713
2010_170.txt,0.8758878789020117,21.41176470588235,0.3900411351331038
2022_356.txt,0.8288551846413492,34.583333333333336,0.34575833318778537
2022_341.txt,0.8014463985537077,41.45454545454545,0.3702794349423188
2002_024.txt,0.7198150354046721,82.0,0.3021945295337108
2014_225.txt,0.8890071955004937,22.571428571428573,0.3323026180169037
2024_374.txt,0.8110778843472911,42.214285714285715,0.3520776074620641
3001_026.txt,0.9030845065671419,21.096774193548388,0.3153100305098794
3001_063.txt,0.8822891914963623,27.63157894736842,0.32133830506113326
3001_019.txt,0.8974630414982042,19.63157894736842,0.3621176845622829
3001_062.txt,0.9406863002364001,16.74074074074074,0.3727462440983073
3001_083.txt,0.8635544933497181,25.25,0.33557917175967533
3001_092.txt,0.8844009222455849,24.363636363636363,0.32980823206164545
3001_036.txt,0.8498094902053794,31.0,0.4175040586702288
3001_043.txt,0.8316979251001456,32.25,0.3053351200474166
3001_016.txt,0.891362991135365,20.77777777777778,0.38443762263421705
3001_002.txt,0.8654523594918748,25.875,0.3249884741744717
3001_051.txt,0.9137750480292929,20.653846153846153,0.4174406607324865
3001_084.txt,0.9190559332115749,17.548387096774192,0.3100945186183615
3001_073.txt,0.9286147416946554,16.633333333333333,0.4102397034924575
3001_025.txt,0.9110119244955458,18.90909090909091,0.3436768235230802
3001_034.txt,0.9334524708812435,15.0,0.3792995811378164
3001_054.txt,0.8683174013798727,22.84,0.38866010199785206
3001_027.txt,0.9750750606801925,11.4,0.38169598801312354
3001_076.txt,0.9166902595898649,17.06451612903226,0.30139360910957835
3001_079.txt,0.877351014626316,21.476190476190474,0.4009202115473892
3001_000.txt,0.8083821720938148,30.944444444444443,0.36950926431064784
3001_023.txt,0.8534656254847841,29.63157894736842,0.3855921431094754
3001_059.txt,0.8743161562660664,23.235294117647058,0.32726436385605934
3001_033.txt,0.9448266418112687,15.807692307692308,0.4051202706726189
3001_078.txt,0.9449854322926602,18.161290322580644,0.38060729614069744
3001_005.txt,0.8751983450131423,26.285714285714285,0.3454970281214363
3001_021.txt,0.9127821862024356,20.0,0.48000936113947623
3001_064.txt,0.9215686274509803,24.666666666666668,0.45992698520788405
3001_058.txt,0.8354759576163031,29.842105263157894,0.3103795979040521
3001_004.txt,0.9020233394365355,17.93103448275862,0.4562224449808521
3001_020.txt,0.8574270785533734,28.842105263157894,0.3799282786786873
3001_044.txt,0.83783188758524,31.944444444444443,0.39292070618475006
3001_032.txt,0.8732903756343563,26.458333333333332,0.3655192691311488
3001_046.txt,0.8493445889825587,30.181818181818183,0.38794240187151063
3001_065.txt,0.8411407812461947,39.8125,0.3413843497837351
3001_037.txt,0.7887512900023159,38.25,0.34752147564298413
3001_085.txt,0.9283825440142129,14.424242424242424,0.435442082148137
3001_056.txt,0.8141784025005788,25.565217391304348,0.3636015931825944
3001_029.txt,0.9271017327411188,18.0,0.44939686271582824
3001_007.txt,0.9123010924002328,18.576923076923077,0.43499548067379284
3001_017.txt,0.9205173402217882,13.185185185185185,0.4842717098077722
3001_039.txt,0.8255378628108659,37.4375,0.3243645719054433
3001_018.txt,0.887481031682375,15.928571428571429,0.35186291211283965
3001_088.txt,0.9416680115122369,12.65625,0.38777455059143245
3001_001.txt,0.8437192423681833,34.23076923076923,0.3271546661184947
3001_012.txt,0.9222053798661186,24.176470588235293,0.398403046269306
3001_045.txt,0.9025640957168178,20.8,0.4392818215734882
3001_094.txt,0.9429497289229631,12.575,0.40286207989393985
3001_060.txt,0.8629344921662899,22.333333333333332,0.32103634869247594
3001_095.txt,0.9491376178510682,13.416666666666666,0.4290607275707895
3001_086.txt,0.9462543462623385,13.8125,0.39701233766878113
3001_070.txt,0.9009313001911687,22.333333333333332,0.37745332409455956
3001_031.txt,0.8956322578486535,20.344827586206897,0.36118723588228
3001_030.txt,0.905358840477719,20.96,0.36496657760384915
3001_069.txt,0.9072767394255687,20.23076923076923,0.3417160893426188
3001_024.txt,0.8729282806347907,30.823529411764707,0.3239935355931469
3001_049.txt,0.8948958263878457,20.310344827586206,0.34807856742995485
3001_035.txt,0.8432343359596302,27.466666666666665,0.34008551670780773
3001_075.txt,0.9264737111985689,15.32258064516129,0.3432596253279365
3001_047.txt,0.8756366408131412,24.866666666666667,0.4162917012392616
3001_091.txt,0.9157086894195591,23.0,0.4158011395860233
3001_093.txt,0.8877190488129172,17.476190476190474,0.35960488787453637
3001_071.txt,0.9115355577835912,15.870967741935484,0.44123070018577176
3001_074.txt,0.9315248707429798,18.966666666666665,0.3945855064426089
3001_081.txt,0.9353862761168747,12.625,0.43785702145077143
3001_068.txt,0.867189050765916,31.0625,0.36118814398921706
3001_050.txt,0.8689451846338612,23.916666666666668,0.36861899453722974
3001_028.txt,0.8820046649129122,22.945945945945947,0.3742371037663193
3001_061.txt,0.8868996037526354,21.4375,0.3747668394331046
3001_097.txt,0.9865591397849461,9.0,0.4348579661079661
3001_087.txt,0.9256095716850711,14.96875,0.35340161164580247
3001_048.txt,0.9186500645824635,18.566666666666666,0.43273871876199194
3001_014.txt,0.9216600155026369,17.821428571428573,0.3391419638214837
3001_066.txt,0.8972753721557549,22.818181818181817,0.4043027549456975
3001_040.txt,0.8614677794532604,26.866666666666667,0.3536974385749456
3001_082.txt,0.9267002233553703,20.85,0.39505721198735905
3001_077.txt,0.9534356230189561,13.5,0.39131313131313133
3001_072.txt,0.9445456680197944,10.487179487179487,0.46687017687902993
3001_057.txt,0.7655259617906391,46.5,0.348389922566172
3001_038.txt,0.7792128961274213,57.583333333333336,0.36466451480588497
3001_041.txt,0.8219113982692217,42.666666666666664,0.388841093995074
3001_003.txt,0.8792690709565614,26.6,0.3440467694447985
3001_096.txt,0.9741565531597344,9.9,0.504016354016354
3001_055.txt,0.8742826236827248,22.28125,0.39515443000241696
3001_080.txt,0.9252202102163403,13.066666666666666,0.40086268896795213
3001_022.txt,0.8983848560960085,21.90625,0.34832890266241107
3001_010.txt,0.8880201601263716,24.227272727272727,0.3582323506137548
3001_089.txt,0.9462543058231292,15.814814814814815,0.38333095526582117
3001_006.txt,0.8583074094969192,25.217391304347824,0.36575169183864836
3001_008.txt,0.8329145429388172,32.23529411764706,0.3824390423756884
3001_053.txt,0.8827506081769164,19.625,0.3651701837392627
3001_090.txt,0.9197472647412838,20.681818181818183,0.36090945039808675
3001_009.txt,0.9059662267552119,17.77777777777778,0.45583961667295
3001_067.txt,0.9292068408204256,20.714285714285715,0.3337391435079781
3001_042.txt,0.831291468182312,35.76470588235294,0.34760176627823686
3001_015.txt,0.9340159124969543,15.161290322580646,0.4272908104875352
3001_013.txt,0.9458092085759767,14.75,0.4257061263515068
3001_011.txt,0.9292077884024237,13.944444444444445,0.3756430562042017
3001_052.txt,0.9507857313611556,13.756756756756756,0.39507604875251934
