Document Name,TTR,ASL,NPR
1001_000.txt,0.9704637239119999,8.162162162162161,0.4481835131835132
1001_001.txt,0.9251582516440399,13.666666666666666,0.4620922395776197
1001_002.txt,0.9353947724869216,14.333333333333334,0.4298187446281288
1001_003.txt,0.9466362136586679,12.63888888888889,0.4571793785135644
1001_004.txt,0.9594198887889155,11.425,0.4032747537478575
1001_005.txt,0.957319753988552,10.2,0.455
1001_006.txt,0.9327419802419801,12.636363636363637,0.37865926437995817
1001_007.txt,0.9168475852355725,12.851851851851851,0.48249284263777015
1001_008.txt,0.9438375580798855,9.35,0.44392166313218945
1001_009.txt,0.9584106525282999,12.0,0.4215483965161468
1001_010.txt,0.9636689110817166,10.581395348837209,0.4093778184839456
1001_011.txt,0.9721858672936261,9.425,0.4203190957023488
1001_012.txt,0.9251933937959981,15.26923076923077,0.43820859481799174
1001_013.txt,0.9445494820817634,9.804878048780488,0.41746832643161735
1001_014.txt,0.9628472752737458,9.181818181818182,0.46253761390125026
1002_015.txt,0.9052457388184033,17.88235294117647,0.4737770687597677
1002_016.txt,0.8608974004434079,19.285714285714285,0.42801552996840136
1002_017.txt,0.8869653623723391,20.833333333333332,0.39517559195190777
1002_018.txt,0.907944300678285,22.23076923076923,0.43510352823115794
1002_019.txt,0.8943728267220252,17.583333333333332,0.4957858345358345
1002_020.txt,0.8521874857168975,21.53846153846154,0.4190255032866369
1002_021.txt,0.8852024596820978,23.923076923076923,0.3603379397155348
1002_022.txt,0.9011619055980469,18.625,0.38960635347051753
1002_023.txt,0.9267762718133944,18.545454545454547,0.340332661990416
1002_024.txt,0.9841269841269842,9.571428571428571,0.7051282051282052
1003_025.txt,0.9549415700257559,11.625,0.44588758428272496
1003_026.txt,0.9414573815357198,10.241379310344827,0.478857158167503
1003_027.txt,0.9000977264909154,16.23076923076923,0.4396936197868766
1003_028.txt,0.937224517906336,9.363636363636363,0.45476190476190476
1003_029.txt,0.9662164382661277,8.80952380952381,0.4134493187124766
1003_030.txt,0.9672635445362717,7.393939393939394,0.5522178999451727
1005_032.txt,0.9565856801150919,13.117647058823529,0.4704781619272129
1005_033.txt,0.9547034724818679,12.5625,0.4578962040818658
1005_034.txt,0.9319096266818835,16.952380952380953,0.41504753834178143
1005_035.txt,0.9615249864423784,15.090909090909092,0.3377891741981826
1005_036.txt,0.9081953546969027,20.5,0.4134778331424673
1005_037.txt,0.9588785351871455,13.2,0.42784795321637425
1005_038.txt,0.9503155534789165,15.0,0.410535176241698
1005_039.txt,0.9259038699504741,14.74074074074074,0.386286833730473
1005_040.txt,0.9706045966915532,10.533333333333333,0.5066650211387054
1005_041.txt,0.9736324786324786,7.533333333333333,0.6072222222222222
1006_042.txt,0.9629246226769446,9.73076923076923,0.5224799239222316
1006_043.txt,0.9456923373206898,15.055555555555555,0.3855847341936389
1006_044.txt,0.9203236952606523,14.545454545454545,0.4056293642500539
1006_045.txt,0.9411274668702204,13.875,0.44052697208068053
1006_046.txt,0.9408546446822672,16.45,0.41632347359233546
1006_047.txt,0.9140102089048305,16.94736842105263,0.39200342584942605
1006_048.txt,0.9562025794857801,12.28125,0.38509605474884645
1006_049.txt,0.9031463987604339,11.25,0.5567632850241546
1006_050.txt,0.9633908552672855,11.071428571428571,0.5216953448045885
1006_051.txt,0.9411557347386225,12.515151515151516,0.4108016829244451
1006_052.txt,0.9530006749076442,13.294117647058824,0.3573819382825594
1006_053.txt,0.9139626028728781,13.55,0.44411636618858663
1006_054.txt,0.933240655902392,13.806451612903226,0.38566708300058977
1006_055.txt,0.9393483709273184,12.421052631578947,0.4109993997865851
1007_056.txt,0.9466884667289526,10.692307692307692,0.5151157665863548
1007_057.txt,0.8753404519894591,18.130434782608695,0.3643867910134146
1007_058.txt,0.9350761903017397,14.56,0.404894420913355
1007_059.txt,0.9048526355266626,19.27777777777778,0.45265727562993097
1007_060.txt,0.920509353664781,18.666666666666668,0.40292379871415446
1007_061.txt,0.9395636837665825,12.703703703703704,0.40385396974544263
1007_062.txt,0.9239974384656063,17.392857142857142,0.3465907956454175
1007_063.txt,0.9230613184440936,16.424242424242426,0.3771616106023806
1007_064.txt,0.9276670423318044,14.5,0.442415698336751
1007_065.txt,0.9420194003527335,10.958333333333334,0.42979611153953257
1007_066.txt,0.978064963359081,12.8,0.4447140578719526
1007_067.txt,0.892394401405237,16.318181818181817,0.46241404130160113
1007_068.txt,0.9612160566706021,12.272727272727273,0.42153679653679654
1008_069.txt,0.9004509249454465,16.42105263157895,0.3966552591552592
1008_070.txt,0.9136661666288638,19.6875,0.3594541644720297
1008_071.txt,0.9464790551329014,10.384615384615385,0.47118394426086735
1008_072.txt,0.9459978065412848,11.151515151515152,0.437175426339513
1008_073.txt,0.9589508104860827,13.6,0.4481724053724054
1008_074.txt,0.9586522301472915,13.1875,0.3574038902673414
1008_075.txt,0.9531169888312745,11.571428571428571,0.4359387239744383
1008_076.txt,0.9527686487127819,11.909090909090908,0.3833285434661033
1008_077.txt,0.9608608058608059,12.6875,0.39500707625707626
1008_078.txt,0.9670089038750296,12.647058823529411,0.5252768923661418
1008_079.txt,0.9477211639110953,10.956521739130435,0.435503795721187
1008_080.txt,0.9672304748917651,10.378378378378379,0.35191205191205194
1008_081.txt,0.973924963924964,9.285714285714286,0.36140763997906855
1008_082.txt,0.9776269482151836,6.8125,0.5789299242424243
1009_083.txt,0.9493561539625794,11.555555555555555,0.6636754071558826
1009_084.txt,0.8695066457979381,20.761904761904763,0.39992734985732187
1009_085.txt,0.866142872372096,22.352941176470587,0.40438344786935093
1009_086.txt,0.8696154637604295,26.75,0.42067524409474294
1009_087.txt,0.9044789255268834,23.444444444444443,0.3391284463306688
1009_088.txt,0.8695539275539276,25.533333333333335,0.4242255729606452
1009_089.txt,0.8834479932427977,22.55,0.36103607135812604
1009_090.txt,0.9203960499947059,18.09090909090909,0.43292011019283744
1009_091.txt,0.9068624187279085,15.473684210526315,0.4598027871639905
1009_092.txt,0.9793998571088355,9.823529411764707,0.43613769271664005
1009_093.txt,0.9828836863619472,9.076923076923077,0.4188326166587036
1009_094.txt,0.910769697471764,22.466666666666665,0.36621890092478326
1009_095.txt,0.9258199140790235,16.423076923076923,0.4618407925698062
1009_096.txt,0.8953158824880095,23.789473684210527,0.3678337973229614
1009_097.txt,0.8722001858998764,24.5,0.3564634443779985
1010_098.txt,0.9455209235209234,8.2,0.5467575757575758
1010_099.txt,0.8915516779214326,18.227272727272727,0.3920064754157805
1010_100.txt,0.9607283726112561,9.823529411764707,0.5816143028797828
1010_101.txt,0.9582031750300981,11.115384615384615,0.4611616814557991
1010_102.txt,0.8950793959394495,16.347826086956523,0.4546641424602061
1010_103.txt,0.9258250220711522,14.076923076923077,0.4281135531135531
1010_104.txt,0.9657401315789473,11.375,0.4220706513880856
1010_105.txt,0.971019721019721,13.071428571428571,0.4864522258178634
1010_106.txt,0.952956487956488,12.266666666666667,0.3972050172050172
1011_107.txt,0.9650754941515811,11.708333333333334,0.40372891678038736
1011_108.txt,0.9118794605677578,17.451612903225808,0.3997570755076515
1011_109.txt,0.9016017446222726,17.545454545454547,0.36582648500371123
1011_110.txt,0.9625030025431095,13.757575757575758,0.4062938483111576
1011_111.txt,0.9484174114810633,12.13888888888889,0.3157853406552667
1011_112.txt,0.9134282664802518,18.833333333333332,0.4091772050726191
1011_113.txt,0.9291134649408149,16.0,0.41077916685204136
1011_114.txt,0.9610070591116295,12.725,0.3979949911199911
1011_115.txt,0.9115906163636615,15.806451612903226,0.4419843965859146
1011_116.txt,0.9265418037813792,18.047619047619047,0.4137385240925106
1011_117.txt,0.9070051436924502,17.63157894736842,0.4264329860192738
1011_118.txt,0.923322056812395,15.055555555555555,0.4352509533555285
1011_119.txt,0.9441313209855409,13.73913043478261,0.406428737291777
1011_120.txt,0.928209078503196,13.952380952380953,0.4159949994406826
1011_121.txt,0.9439170976532764,14.178571428571429,0.34624918592652426
1011_122.txt,0.9590396633289403,13.5,0.3382684816722213
1011_123.txt,0.9560167661029664,16.08695652173913,0.3449007356852347
1011_124.txt,0.9608211210427958,9.571428571428571,0.4697774286175436
1011_125.txt,0.9651882898941722,12.135135135135135,0.3925259845089067
1011_126.txt,0.9421049591199231,16.083333333333332,0.3963750199963435
1012_127.txt,0.9775777383150468,7.465753424657534,0.4395068401917717
1012_128.txt,0.9770526622500307,9.263157894736842,0.3896658312447786
1012_129.txt,0.9694848690074115,9.59375,0.5092822591056286
1012_130.txt,0.9385467063816022,13.088235294117647,0.34967943462070217
1012_131.txt,0.9376092112446265,14.714285714285714,0.3693385939198991
1012_132.txt,0.9775263294811357,8.121951219512194,0.3376738363578516
1012_133.txt,0.9105045956192467,15.958333333333334,0.32984853981230794
1012_134.txt,0.9489340554408767,11.791666666666666,0.37524985059108623
1012_135.txt,0.9665207876414773,10.0,0.4856632830770762
1013_136.txt,0.944871794871795,7.384615384615385,0.589010989010989
1013_137.txt,0.919977580966304,17.703703703703702,0.35516837998348144
1013_138.txt,0.946672877411514,15.295454545454545,0.3749507636722131
1013_139.txt,0.922033084827858,13.666666666666666,0.3695630476608737
1013_140.txt,0.9325452238107036,15.4,0.3729036879467914
1013_141.txt,0.9164414855158957,14.030303030303031,0.35555960023913213
1013_142.txt,0.9372909995438877,14.1,0.3857130246871409
1013_143.txt,0.9008157097524538,20.238095238095237,0.3505159457347229
1013_144.txt,0.9333251803651154,15.451612903225806,0.33926722059524417
1013_145.txt,0.9207515400246151,15.321428571428571,0.33608445126302267
1013_146.txt,0.9250535477379396,15.131578947368421,0.344009194717523
1013_147.txt,0.9273738613143444,14.387096774193548,0.3757958564866107
1013_148.txt,0.9114777443653147,15.925925925925926,0.3844900911665044
1013_149.txt,0.9159202804364094,14.923076923076923,0.36694427004024527
1014_150.txt,0.9624754901960785,12.2,0.43848309301083194
1014_151.txt,0.9072617562599619,17.454545454545453,0.5163282289113474
1014_152.txt,0.9556609156656831,11.62962962962963,0.49375233819678266
1014_153.txt,0.9524381397171345,12.347826086956522,0.5601417006893111
1015_154.txt,0.9638645340701772,9.666666666666666,0.5597222222222222
1015_155.txt,0.9613773867034736,13.5,0.5285947712418301
1015_156.txt,0.9155569863076077,15.863636363636363,0.4281801965261082
1015_157.txt,0.9164464077006983,17.2,0.3841888989063912
1015_158.txt,0.9438744413591202,16.217391304347824,0.36841330520815146
1015_159.txt,0.9172883454938835,16.692307692307693,0.364269864750634
1015_160.txt,0.9407146174387554,13.944444444444445,0.3660568764814495
1015_161.txt,0.9277229000583405,19.142857142857142,0.4087088937387121
1015_162.txt,0.9067643817771696,18.5,0.38607861768746937
1015_163.txt,0.9248059583843897,13.11111111111111,0.31972231200172374
1016_164.txt,0.9323171418709176,14.782608695652174,0.4602812930178659
1016_165.txt,0.9389423739393992,15.321428571428571,0.40102615638329925
1016_166.txt,0.9045601675682015,17.91304347826087,0.37260625827010796
1016_167.txt,0.9097310434307556,18.625,0.424636602642501
1016_168.txt,0.9224111281672258,14.32,0.4578143504005573
1016_169.txt,0.9532438319440217,12.178571428571429,0.4706522589485452
1016_170.txt,0.9606844223471018,12.454545454545455,0.41471030319776947
1016_171.txt,0.9221980043876957,15.6,0.5220373851294904
1016_172.txt,0.9344579201627257,11.15,0.6221230158730159
1017_173.txt,0.9172938170631344,20.95,0.5789667259704445
1017_174.txt,0.9396949837247152,20.125,0.453731684981685
1017_175.txt,0.8648115771025388,27.275862068965516,0.39410769265103784
1017_176.txt,0.9541666666666667,14.142857142857142,0.4228433402346446
1017_177.txt,0.8576372922680673,31.866666666666667,0.4267200200836447
1017_178.txt,0.9226492709147358,14.73913043478261,0.5537820256883037
1017_179.txt,0.8881413459087631,22.285714285714285,0.41512525570000075
1017_180.txt,0.8920613118660958,17.130434782608695,0.447653599916193
1017_181.txt,0.8574122090461846,25.59259259259259,0.4559268155432586
1017_182.txt,0.9193383379369747,19.5,0.3954236343366778
1017_183.txt,0.8686196122192136,23.38095238095238,0.41986912897704043
1017_184.txt,0.8697913698377069,23.09090909090909,0.4046591849708555
1017_185.txt,0.9012560135972114,22.5,0.26755189255189255
1018_186.txt,0.957080132511167,12.214285714285714,0.379479545441365
1018_187.txt,0.9456221857050121,14.857142857142858,0.4131931342446601
1018_188.txt,0.9710685284214696,11.45,0.4378653230297967
1018_189.txt,0.9689161990905755,11.882352941176471,0.45713649096002035
1018_190.txt,0.9170579742487854,16.0625,0.43113254058608586
1018_191.txt,0.9689132553606238,10.4,0.5612343212343213
1018_192.txt,0.92959321380374,20.142857142857142,0.4596980939178144
1018_193.txt,0.9114464757887961,14.61111111111111,0.3504921911784657
1018_194.txt,0.9473545591045591,14.666666666666666,0.4177243018419489
1018_195.txt,0.948928830791576,14.38888888888889,0.38233682746022163
1018_196.txt,0.9624002134967048,11.61111111111111,0.3450426887926888
1018_197.txt,0.9240991851285969,14.272727272727273,0.37514681700728214
1018_198.txt,0.9264522524992248,16.2,0.40774117620334216
1018_199.txt,0.9910364145658264,8.0,0.46270408163265303
1019_200.txt,0.9197005858196311,15.461538461538462,0.41481136016945036
1019_201.txt,0.8796597690459584,26.46153846153846,0.38696925169597235
1019_202.txt,0.9072613289220316,20.294117647058822,0.3806097325447171
1019_203.txt,0.8842362004683089,20.944444444444443,0.33140346755010014
1019_204.txt,0.8752249332650738,20.0,0.38244957718549094
1019_205.txt,0.8907660535421036,20.3,0.4397133120502686
1019_206.txt,0.9029581818823305,18.05263157894737,0.502962940949211
1019_207.txt,0.9106065745759748,20.5,0.39701759678230264
1019_208.txt,0.9554894179894179,10.444444444444445,0.3856078943798242
1019_209.txt,0.8898651304523103,16.818181818181817,0.3895846998119725
1020_210.txt,0.869882001897162,29.8,0.39700934815217337
1020_211.txt,0.889714572697766,26.833333333333332,0.35029785696280014
1020_212.txt,0.9013177780840981,18.77777777777778,0.46304261635281185
1020_213.txt,0.915102657004831,17.5,0.386687649355948
1020_214.txt,0.9401050144368525,15.0,0.4929002043809263
1020_215.txt,0.9335611073814477,15.586206896551724,0.4712267721577292
1020_216.txt,0.9422136890886891,11.142857142857142,0.6060522034900917
1020_217.txt,0.8947034211872121,19.146341463414632,0.4142702923328407
1020_218.txt,0.9225271792831088,18.235294117647058,0.42550096961861666
1020_219.txt,0.9090552699768345,18.57894736842105,0.3607835901089928
1020_220.txt,0.8951301270094815,25.470588235294116,0.34331827716067564
1020_221.txt,0.924800304365522,18.944444444444443,0.433845229966547
1020_222.txt,0.9110955500146953,20.545454545454547,0.44235664678261094
1020_223.txt,0.9450555349106076,14.933333333333334,0.3229118319399649
1020_224.txt,0.9366714688836524,14.91891891891892,0.36881822992120344
1020_225.txt,0.9263333448879091,19.733333333333334,0.3048896013715684
1020_226.txt,0.9514227871010302,14.379310344827585,0.37046281254538965
1020_227.txt,0.8733428950502589,23.65,0.41384202280173044
1020_228.txt,0.8766196000519881,23.3,0.388563628933526
1020_229.txt,0.8925173082648952,22.88235294117647,0.39513248650199445
1020_230.txt,0.9363667218248461,16.4,0.37383922171018946
1021_231.txt,0.9470857805114696,11.925925925925926,0.5227221761535487
1021_232.txt,0.9114745520171987,19.714285714285715,0.41675714056666435
1021_233.txt,0.9149534376879123,15.448275862068966,0.40088096910617643
1021_234.txt,0.8667182970788321,21.869565217391305,0.3788019046600282
1021_235.txt,0.8702720524073738,21.88235294117647,0.3688524201169527
1021_236.txt,0.9065849477482508,21.363636363636363,0.4191143427123585
1021_237.txt,0.8801948709737634,16.714285714285715,0.5021254682745366
1021_238.txt,0.8991033661355458,18.25,0.3938707478211623
1021_239.txt,0.8743960322551927,22.095238095238095,0.43529560108019755
1021_240.txt,0.8912346215148604,21.529411764705884,0.3516150311508935
1021_241.txt,0.9308374631904044,16.91176470588235,0.42266549290770744
1021_242.txt,0.9055162147086193,23.333333333333332,0.3824879441489564
1021_243.txt,0.8637435063451234,28.2,0.34017053204514824
1021_244.txt,0.9099349517821889,18.625,0.3598755900077038
1021_245.txt,0.8833460442206572,21.235294117647058,0.3555189888667397
1022_246.txt,0.9650950280321858,8.67741935483871,0.524153198244879
1022_247.txt,0.9479433987917715,14.92,0.39272579641175465
1022_248.txt,0.9239075739075737,11.909090909090908,0.4309973053288561
1022_249.txt,0.8984417507918256,14.068965517241379,0.4084025295774684
1022_250.txt,0.8948859205530221,15.791666666666666,0.3904928514467988
1022_251.txt,0.9160382489174542,14.615384615384615,0.36752969252969253
1022_252.txt,0.9064091350102795,15.357142857142858,0.3590563017931992
1022_253.txt,0.8736221277508518,19.25,0.34183215637019987
1022_254.txt,0.9373564922084411,10.625,0.4403126393057743
1022_255.txt,0.9417124542124541,10.0,0.3618881118881119
1023_256.txt,0.9199016080057557,16.047619047619047,0.3346290031163981
1023_257.txt,0.9507883733203428,16.08695652173913,0.3886472187942776
1023_258.txt,0.9343093568125538,12.55,0.41924967554805015
1023_259.txt,0.9297108515778595,14.621621621621621,0.3945433411483281
1023_260.txt,0.907645615641194,21.136363636363637,0.38237519085033866
1023_261.txt,0.8801505405594834,16.27777777777778,0.37587374989335776
1023_262.txt,0.8668429007471657,21.5,0.41866695682485155
1023_263.txt,0.9419935536007669,17.142857142857142,0.3789031920242299
1023_264.txt,0.9313336246571129,17.35,0.3223867823209928
1023_265.txt,0.9000936645859845,21.076923076923077,0.4355453518513689
1023_266.txt,0.9118143981882395,16.85185185185185,0.3871403167154801
1023_267.txt,0.8853044145586163,21.555555555555557,0.3663990008130806
1023_268.txt,0.8887789689256819,23.0,0.3491555161864455
1023_269.txt,0.8760903738636532,13.692307692307692,0.5468586205066281
1024_270.txt,0.943775033389004,12.5,0.37420749185455066
1024_271.txt,0.9270133684269953,13.56,0.40958711265542386
1024_272.txt,0.9565294265274915,11.735294117647058,0.4057102229916143
1024_273.txt,0.927363489387711,14.058823529411764,0.40619186700938914
1024_274.txt,0.9298920838540145,13.681818181818182,0.3983737222373586
1024_275.txt,0.9088156818301891,16.571428571428573,0.39360940507557046
1024_276.txt,0.8838584149768361,15.909090909090908,0.3360678434053047
1024_277.txt,0.9382387016318915,12.724137931034482,0.39684105250072266
1024_278.txt,0.9500506140684711,13.607142857142858,0.3949386256594494
1024_279.txt,0.9437454043540999,13.56,0.4030134358578381
1024_280.txt,0.9394545660443228,12.566666666666666,0.39929798436982344
1025_282.txt,0.9197014414893672,14.631578947368421,0.3902794309815868
1025_283.txt,0.8738632473948832,23.823529411764707,0.41148594105191066
1025_284.txt,0.8945278783807749,20.17391304347826,0.37382553583299744
1025_285.txt,0.9248447808524706,16.857142857142858,0.3741910555940516
1025_286.txt,0.9087835151971981,20.35,0.4006861681060597
1025_287.txt,0.9146763573311562,16.9,0.4286177526177526
1025_288.txt,0.9441759802216865,13.789473684210526,0.34460990505882144
1025_289.txt,0.8671285049654621,21.105263157894736,0.4059625788727956
1025_290.txt,0.8897342306472802,18.68421052631579,0.449333723103746
1025_291.txt,0.9273548061261775,18.416666666666668,0.42039379969879004
1025_292.txt,0.9038660186307546,17.545454545454547,0.400162716071807
1025_293.txt,0.9102935240162955,17.76,0.3992234061448378
1025_294.txt,0.9540502775184149,10.75,0.43573162948162947
1025_295.txt,0.9037834870443566,14.9,0.46645790200138026
1026_296.txt,0.9211792484547903,15.894736842105264,0.42997645629224573
1026_297.txt,0.9146634600033724,14.722222222222221,0.4505346868091966
1026_298.txt,0.8828134553879747,18.65,0.45637259536453084
1026_299.txt,0.9033552551400137,14.375,0.3833427719940878
1026_300.txt,0.9210164835164836,13.76923076923077,0.4142184286301933
1026_301.txt,0.9171335973967553,19.157894736842106,0.40866846750859603
1026_302.txt,0.9366931918656057,12.1,0.45045454545454544
1026_303.txt,0.9266307814992026,15.181818181818182,0.4181528241873069
1026_304.txt,0.9693378280334801,12.846153846153847,0.5196581196581197
1026_305.txt,0.9744710003672629,12.583333333333334,0.3889565894641023
1026_306.txt,0.900335845153853,17.88888888888889,0.363155819347209
1026_307.txt,0.0,0.0,0.0
1027_308.txt,0.9504892057833234,11.266666666666667,0.4375222925222925
1027_309.txt,0.9081217858090328,15.576923076923077,0.4609445506184637
1027_310.txt,0.9364178854737573,14.425,0.4389876443001443
1027_311.txt,0.9293901009052183,14.619047619047619,0.438725280321919
1027_312.txt,0.9356223210432802,12.923076923076923,0.4571037226812822
1027_313.txt,0.9335287955758604,14.606060606060606,0.4216142308498382
1027_314.txt,0.8907981193945889,17.65,0.3639520875366464
1027_315.txt,0.9213253237781415,19.136363636363637,0.3900994634690287
1027_316.txt,0.9269201474024037,16.75,0.414578018515712
1027_317.txt,0.914816435179812,16.724137931034484,0.41263964339121806
1027_318.txt,0.9107684430265076,16.923076923076923,0.38141063771648026
1027_319.txt,0.938213380218884,14.814814814814815,0.45778453461202
1027_320.txt,0.9511259422309434,11.21875,0.397074860446571
1027_321.txt,0.9350146704384414,12.444444444444445,0.4366910209434719
1027_322.txt,0.9515462382029098,12.931034482758621,0.4219803445430647
1027_323.txt,0.957359481634844,8.833333333333334,0.48139813617754795
1028_324.txt,0.8897332012284731,23.944444444444443,0.35792418773791024
1028_325.txt,0.900337267402341,23.17391304347826,0.37898481424429
1028_326.txt,0.870592713737875,39.4,0.4066943247783461
1028_327.txt,0.8719223943861517,22.705882352941178,0.4097779981112226
1028_328.txt,0.8244827657766745,46.7,0.3424873019297984
1028_329.txt,0.8880884580294344,24.333333333333332,0.3793432187480783
1028_330.txt,0.8962317630880636,20.09090909090909,0.3766930327529607
1028_331.txt,0.90848624897956,17.53846153846154,0.35927548305733586
1028_332.txt,0.875324766680347,27.2,0.3666123318273511
1028_333.txt,0.8153333710550514,27.0,0.35138835975728866
1028_334.txt,0.9016295631126083,23.235294117647058,0.41895869952690207
1028_335.txt,0.9064628721859115,21.875,0.38446248255527077
1028_336.txt,0.9102558765321739,22.333333333333332,0.3444551749884245
1028_337.txt,0.9556054694009082,14.625,0.44046180549026026
1028_338.txt,0.9226042320132611,18.083333333333332,0.36030988687238685
1028_339.txt,0.882390873015873,15.333333333333334,0.5057548787836648
1029_340.txt,0.9810272688771673,11.461538461538462,0.3789203851703852
1029_341.txt,0.9407284335983152,15.371428571428572,0.38294803398201277
1029_342.txt,0.9517401708750682,13.757575757575758,0.4156137205578992
1029_343.txt,0.8873809799071858,18.5,0.3898059094854267
1029_344.txt,0.9378971878185303,13.303030303030303,0.4223092741035325
1029_345.txt,0.9642107546254279,12.709677419354838,0.37142069320004306
1029_346.txt,0.917544900945541,17.0,0.3675433264307272
1029_347.txt,0.9385776772365647,12.0,0.41540986882269776
1029_348.txt,0.9343647827023787,15.035714285714286,0.3432402598507198
1029_349.txt,0.9288218869772392,14.777777777777779,0.36717058028186894
1029_350.txt,0.9379513909262193,14.076923076923077,0.38649553061317765
1029_351.txt,0.9257707068409841,14.4,0.40215328363456915
1029_352.txt,0.9348729378232201,13.911764705882353,0.40848914157737687
1029_353.txt,0.9422648271152498,14.10344827586207,0.3898811639056648
1029_354.txt,0.9484193086532267,11.666666666666666,0.4047146878717226
1029_355.txt,0.9411166024981815,12.432432432432432,0.38746555511261394
1029_356.txt,0.960775097917955,10.8,0.4504445950874522
1029_357.txt,0.9547684203385958,11.481481481481481,0.4165253470809026
1030_358.txt,0.869301205330617,24.272727272727273,0.4302060565696929
1030_359.txt,0.9106146693323481,19.772727272727273,0.4722742941983024
1030_360.txt,0.8899655479730223,20.066666666666666,0.47952290739162007
1030_361.txt,0.9106846059978442,24.25,0.3361569479840396
1030_362.txt,0.909608865939161,16.695652173913043,0.3878546565980945
1030_363.txt,0.931862128651737,17.31578947368421,0.3564451598325416
1030_364.txt,0.8837551246279899,32.46153846153846,0.3791789248822925
1030_365.txt,0.9288288288288287,13.7,0.38785714285714284
1030_366.txt,0.8826344707923656,19.23076923076923,0.39302626902174415
1030_367.txt,0.9330404821718526,20.333333333333332,0.3527795584045584
1030_368.txt,0.8927650836055732,20.55,0.38414908159473377
1030_369.txt,0.8529630302538023,29.307692307692307,0.342557661636609
1030_370.txt,0.9201576429658622,16.3,0.34243815395131183
1030_371.txt,0.941200557364503,18.789473684210527,0.47045306955279254
1030_372.txt,0.8666666666666667,8.0,0.85
1032_373.txt,0.9306002422791099,13.0,0.3531846461497097
1032_374.txt,0.9357083427346553,15.833333333333334,0.3333962197932786
1032_375.txt,0.9079356743036974,15.043478260869565,0.35773202769770274
1032_376.txt,0.9233548489054434,14.565217391304348,0.3773165524444297
1032_377.txt,0.9460610987472556,12.757575757575758,0.3359546850455941
1032_378.txt,0.907288200434454,17.074074074074073,0.31975550224088234
1032_379.txt,0.9567313476951184,13.851851851851851,0.3583826558972758
1032_380.txt,0.8944950994837245,19.85185185185185,0.4063965936801094
1032_381.txt,0.9200813170137071,15.652173913043478,0.2668774161254589
1032_382.txt,0.9235249371371573,18.130434782608695,0.4061428317034098
1032_383.txt,0.9516370602577499,14.11111111111111,0.36262748255501875
1032_384.txt,0.8906465915652023,16.217391304347824,0.39147868373505557
1032_385.txt,0.9436086731520718,10.869565217391305,0.34459698376801795
1032_386.txt,0.927972582972583,16.3,0.309512987012987
1032_387.txt,0.9426459991419617,12.470588235294118,0.3657996622002941
1032_388.txt,0.9539586983065245,13.23076923076923,0.3852466328345762
1032_389.txt,0.9544841659500104,10.870967741935484,0.4780557842849278
1032_390.txt,0.9452838827838829,10.928571428571429,0.5311688311688312
1033_391.txt,0.9205082825936152,18.130434782608695,0.3603220928426205
1033_392.txt,0.9302412046908316,18.75,0.38214245848756717
1033_393.txt,0.9418007809951544,14.791666666666666,0.3737425608662064
1033_394.txt,0.9587564559100433,15.0,0.446340164426046
1033_395.txt,0.8962111075475809,20.41176470588235,0.33571335633346194
1033_396.txt,0.9066510540853123,24.35,0.3709648684648685
1033_397.txt,0.9387342823574707,15.944444444444445,0.32443452450006427
1033_398.txt,0.870730820597842,24.90909090909091,0.33886516515620624
1033_399.txt,0.8912781636312835,20.894736842105264,0.349138955083732
1033_400.txt,0.9579136921300234,13.5,0.40284671468881994
1033_401.txt,0.946498338276435,16.25,0.38020444489279054
1033_402.txt,0.9619294916034047,11.533333333333333,0.37411021984551396
1033_403.txt,0.9636906030257832,10.894736842105264,0.3837635532681972
1033_404.txt,0.9573604238516519,10.4,0.39309483109483107
1033_405.txt,0.941653921941338,16.916666666666668,0.34445062882876726
1033_406.txt,0.9281897188256837,17.125,0.3664957041940401
1033_407.txt,0.9481393606393608,10.761904761904763,0.4955844281032251
1034_408.txt,0.9101128965259401,17.38888888888889,0.4482278251028251
1034_409.txt,0.9231134680198553,15.695652173913043,0.4733199891895544
1034_410.txt,0.9496006941357995,14.846153846153847,0.42117674554415446
1034_411.txt,0.915861907887263,16.818181818181817,0.3774720790776509
1034_412.txt,0.9143272269242598,18.59090909090909,0.42700033552306277
1034_413.txt,0.9709106984969055,11.689655172413794,0.46620805758736794
1034_414.txt,0.9147830170217608,15.375,0.389406563174623
1034_415.txt,0.9294284195121006,18.142857142857142,0.34267185662143645
1034_416.txt,0.8996033683732313,21.40909090909091,0.38358328927289803
1034_417.txt,0.9477616021970862,13.1875,0.3154932507941242
1035_418.txt,0.9323307311528232,15.037037037037036,0.34465316340961333
1035_419.txt,0.9570875543302014,9.88888888888889,0.451039331039331
1035_420.txt,0.961578202181749,12.65625,0.43705274424363044
1035_421.txt,0.9251886730228835,14.32,0.4307136093621029
1035_422.txt,0.9323974164398411,15.59375,0.34385220843183306
1035_423.txt,0.9230704110188515,14.125,0.4219972506047874
1035_424.txt,0.889157424390622,19.764705882352942,0.44154097156833133
1035_425.txt,0.9155260154290883,18.52173913043478,0.4118414780284522
1035_426.txt,0.9163085052403939,15.88888888888889,0.42600078844040196
1035_427.txt,0.9197420039405938,15.379310344827585,0.38245607563608297
1035_428.txt,0.9564521608722492,10.875,0.48581442334839076
1035_429.txt,0.9216099793800693,15.538461538461538,0.36764837726376187
1035_430.txt,0.9319699044070316,14.92,0.32118632500397204
1035_431.txt,0.9407313203459249,14.294117647058824,0.5005571249439221
1035_432.txt,0.9037858055099435,17.5,0.39543854837972486
1036_433.txt,0.9345384927367467,12.206896551724139,0.4203030685789306
1036_434.txt,0.9507009024081371,11.444444444444445,0.37655312523733575
1036_435.txt,0.9394163701931474,17.384615384615383,0.4091968834006359
1036_436.txt,0.928731267547057,16.294117647058822,0.43222953517071167
1036_437.txt,0.9165811704953462,21.5,0.5067293170429904
1036_438.txt,0.937363147423286,14.814814814814815,0.5323493434815837
1036_439.txt,0.9316332672404779,13.612903225806452,0.5319780959629329
1036_440.txt,0.9463219072594073,13.333333333333334,0.3538910934744268
1036_441.txt,0.9325785983664333,15.956521739130435,0.41498093820748283
1036_442.txt,0.9577179443166159,12.72972972972973,0.41361470981036197
1036_443.txt,0.932339625008798,14.285714285714286,0.4591385677077849
1036_444.txt,0.8862404326538568,17.0,0.44134760817372976
1036_445.txt,0.9048337970911848,16.6,0.36432737686153355
1036_446.txt,0.9610361066462366,14.923076923076923,0.42492176990271774
1036_447.txt,0.9506451054760233,14.333333333333334,0.4175183382785722
1036_448.txt,0.9551135531135533,12.2,0.4504188939715255
1036_449.txt,0.9837453516383282,12.461538461538462,0.35272710381406036
1036_450.txt,0.9533775252525253,13.409090909090908,0.42257729513921466
1036_451.txt,0.9679810021675379,11.090909090909092,0.5461791831357049
1037_452.txt,0.964014939309057,13.8,0.37632822515175457
1037_453.txt,0.9334940834930887,14.391304347826088,0.4005163694085487
1037_454.txt,0.8644174980379884,25.9375,0.36878230225656694
1037_455.txt,0.9194379937516682,20.09090909090909,0.3867720161260464
1037_456.txt,0.9153075671950792,20.38888888888889,0.4425676536611201
1037_457.txt,0.9042711038448465,21.133333333333333,0.37462229979471356
1037_458.txt,0.9480728052992762,14.346153846153847,0.3796196576173952
1037_459.txt,0.9426194480890487,18.375,0.4065110447831036
1037_460.txt,0.9314196869166642,17.695652173913043,0.42278309817367976
1037_461.txt,0.9098668536467198,16.09090909090909,0.42512809889498604
1037_462.txt,0.9529615591175741,14.571428571428571,0.3753811768849363
1037_463.txt,0.9301295451336127,16.52173913043478,0.4020465593207206
1037_464.txt,0.9439208173690933,11.733333333333333,0.5664602396514161
1039_465.txt,0.9283934570086035,17.4,0.4142034011572551
1039_466.txt,0.940992131186841,17.0625,0.40321294865122265
1039_467.txt,0.9284043252218522,16.48148148148148,0.39254159420826085
1039_468.txt,0.8804738562091505,28.23076923076923,0.5278898538530398
1039_469.txt,0.8858866425840376,22.789473684210527,0.44585840238788965
1039_470.txt,0.9238105456895259,16.416666666666668,0.3911320313458471
1039_471.txt,0.874515796656827,25.8,0.372878894645485
1039_472.txt,0.8774211219748977,22.666666666666668,0.481001301001301
1039_473.txt,0.906439393939394,17.125,0.42426378446115287
1039_474.txt,0.9088345864661654,26.333333333333332,0.37934434167734515
1039_475.txt,0.8974884398797442,23.5,0.4977766293822662
1039_476.txt,0.9458199786324786,14.5625,0.42731787865664606
1039_477.txt,0.8994557753024267,25.352941176470587,0.45019749298066797
1039_478.txt,0.9043379716652744,16.5,0.40263214551865867
1039_479.txt,0.9236490702504525,16.952380952380953,0.36723463433547465
1039_480.txt,0.9124114546701073,20.5625,0.4088508400752253
1039_481.txt,0.9611718901397037,11.55,0.49136675824175824
1040_482.txt,0.9301566966249505,13.296296296296296,0.39637799651004707
1040_483.txt,0.9558720519246836,10.90625,0.41074246933621933
1040_484.txt,0.9553686273978214,11.5625,0.40620793223589274
1040_485.txt,0.9287031206238658,13.2,0.3870012395012395
1040_486.txt,0.9688616924870794,9.625,0.44173724825898736
1040_487.txt,0.9261683460082245,12.433333333333334,0.420336001130012
1040_488.txt,0.9394606530862688,12.911764705882353,0.5081414576338088
1040_489.txt,0.9354973654864776,13.774193548387096,0.4729283858316116
1040_490.txt,0.9366613949602559,13.655172413793103,0.4235644393645888
1040_491.txt,0.9397666203437988,12.705882352941176,0.40734835168923794
1040_492.txt,0.9600078518891085,11.857142857142858,0.44615861729307105
1040_493.txt,0.9634797690505995,10.235294117647058,0.4197488613897283
1040_494.txt,0.9604715680738698,10.595238095238095,0.4405132631918346
1040_495.txt,0.9665694116592661,10.538461538461538,0.417986435839893
1040_496.txt,0.9465430448273585,10.541666666666666,0.43290120373453705
1040_497.txt,0.9661081255908843,7.172413793103448,0.5793135025893646
1041_498.txt,0.9342002255874209,10.541666666666666,0.6291240089731469
1041_499.txt,0.8960116681727697,21.0,0.38279925770142
1041_500.txt,0.8808403450442757,18.90909090909091,0.4083156659984723
1041_501.txt,0.8958332956617893,17.9,0.4323269131050438
1041_502.txt,0.9373243950764959,12.857142857142858,0.40386526353215085
1041_503.txt,0.8821371795331793,18.7,0.40862620406258515
1041_504.txt,0.9141543007364092,21.0,0.35629184147490783
1041_505.txt,0.925376541925741,15.2,0.4115881597189647
1041_506.txt,0.9494970596533095,15.25,0.43806147556147557
1041_507.txt,0.9221412046105201,19.181818181818183,0.3988205347505587
1041_508.txt,0.9008740363696465,20.52,0.3841897535373629
1041_509.txt,0.9050531851519819,16.956521739130434,0.44600031928407213
1041_510.txt,0.9093313261264481,12.52,0.4176185383244207
1041_511.txt,0.9046985764852925,18.428571428571427,0.40920189226238063
1042_512.txt,0.9695115089564206,10.0,0.512837736975668
1042_513.txt,0.9412705101549187,13.833333333333334,0.36102072075897157
1042_514.txt,0.9230159450124128,15.785714285714286,0.41300958913702324
1042_515.txt,0.9071351528979734,14.931034482758621,0.40122784303818787
1042_516.txt,0.9512794747717608,11.806451612903226,0.38404431006114037
1042_517.txt,0.9317925619163704,12.666666666666666,0.343675164552543
1042_518.txt,0.9205900319702471,14.96551724137931,0.3813980830097772
1042_519.txt,0.8905814057116627,17.392857142857142,0.3987305874544175
1042_520.txt,0.937753997398136,14.863636363636363,0.341680920090011
1042_521.txt,0.9541796776209052,14.0,0.3691634957921999
1042_522.txt,0.9081239604192968,13.0625,0.35534408239411436
1043_523.txt,0.9372082166199814,13.117647058823529,0.47050596462361166
1043_524.txt,0.9384642703742081,15.761904761904763,0.3790932183476043
1043_525.txt,0.9137699517734758,18.714285714285715,0.38700455502233183
1043_526.txt,0.8795326783502818,24.533333333333335,0.4485892090662656
1043_527.txt,0.9306827926492637,15.608695652173912,0.414921338841764
1043_528.txt,0.9301118244927497,15.304347826086957,0.5103629834534826
1043_529.txt,0.9483827404479578,10.869565217391305,0.5183342335043658
1043_530.txt,0.9508814524747913,16.4375,0.4575552666571538
1043_531.txt,0.9507936507936507,11.3125,0.661499183006536
1043_532.txt,0.9455723584980551,15.0,0.48245458245458245
1044_533.txt,0.9316990355978498,12.653846153846153,0.35142556750646936
1044_534.txt,0.9564162367586062,12.038461538461538,0.43646769896769894
1044_535.txt,0.9677655677655678,9.26923076923077,0.4667720100412408
1044_536.txt,0.9500826940430184,11.333333333333334,0.38886659758370284
1044_537.txt,0.932025082760377,11.857142857142858,0.40428381879067415
1044_538.txt,0.9385478820408054,11.923076923076923,0.3463207351365246
1044_539.txt,0.8670781893004116,11.666666666666666,0.6526252866832577
1045_540.txt,0.8677164883047238,13.066666666666666,0.4781740481740482
1045_541.txt,0.9311780487652992,17.045454545454547,0.3739763061234353
1045_542.txt,0.90796349189322,19.782608695652176,0.38766940158480084
1045_543.txt,0.9131099634997686,15.48,0.4426684514316093
1045_544.txt,0.8538218616406078,30.5,0.3931246002970527
1045_545.txt,0.9402264920149487,18.818181818181817,0.39439897223988135
1045_546.txt,0.9317322924871285,19.444444444444443,0.3755527970706542
1045_547.txt,0.9193500685760747,18.94736842105263,0.4000440222918443
1045_548.txt,0.880795247883069,22.043478260869566,0.3879904744519875
1045_549.txt,0.9004625744625745,22.733333333333334,0.3381548685232896
1045_550.txt,0.9202025456448656,17.42105263157895,0.3769556736515208
1045_551.txt,0.8947783865210053,23.0,0.38816114603954893
1045_552.txt,0.9035275940066488,28.076923076923077,0.36073170416016276
1045_553.txt,0.9214623895725828,15.25,0.4312602151746889
1046_554.txt,0.9315506886755135,14.68,0.41184511465708407
1046_555.txt,0.8991320415101413,17.82608695652174,0.41719346060778284
1046_556.txt,0.8999572406277497,16.88,0.40462463972216295
1046_557.txt,0.9287925246796214,14.518518518518519,0.40640447921149675
1046_558.txt,0.9184227974865462,15.4375,0.3976112760809452
1046_559.txt,0.9377100024413945,13.314285714285715,0.45274893329515176
1046_560.txt,0.9096269374897892,16.708333333333332,0.3518019064555442
1046_561.txt,0.8821277609192737,16.714285714285715,0.41387122017145767
1046_562.txt,0.9202435731656512,15.454545454545455,0.4153207038902226
1046_563.txt,0.9543917560190304,13.852941176470589,0.34574734921620737
1046_564.txt,0.9247472280273171,17.954545454545453,0.4076306480790903
1046_565.txt,0.8711526885159089,17.954545454545453,0.37121592620191035
1046_566.txt,0.901868516277311,15.416666666666666,0.39628345688128297
1046_567.txt,0.9352670897418798,11.942857142857143,0.3890218511647083
1046_568.txt,0.9321995464852607,8.952380952380953,0.4515675835551612
1047_569.txt,0.9313781940379864,13.166666666666666,0.47651382386676505
1047_570.txt,0.9395600064350064,15.857142857142858,0.45116572269933614
1047_571.txt,0.916922853919637,15.0625,0.3782791912597194
1047_572.txt,0.9475101611333495,15.481481481481481,0.38547351283178843
1047_573.txt,0.9421661322034935,14.142857142857142,0.3903146941963164
1047_574.txt,0.9452741117971003,14.407407407407407,0.4181037493128996
1047_575.txt,0.9537944787944789,12.324324324324325,0.4083450958450958
1047_576.txt,0.929684918121736,12.580645161290322,0.3915653496010988
1047_577.txt,0.9296278775437221,14.862068965517242,0.44186284696007017
1047_578.txt,0.9584497663033847,11.5,0.4290078882470187
1047_579.txt,0.9380630988474127,12.444444444444445,0.3952425814168366
1047_580.txt,0.9426713432826856,12.935483870967742,0.50159233292535
1048_582.txt,0.9288979846356897,18.31578947368421,0.3907988825578853
1048_583.txt,0.9280762248721182,13.382352941176471,0.4066785797048955
1048_584.txt,0.9280120149911816,15.583333333333334,0.37370964805175333
1048_585.txt,0.938548878625504,14.586206896551724,0.380427394717618
1048_586.txt,0.9330505141362871,14.241379310344827,0.4136475649660234
1048_587.txt,0.9501425815060116,12.3,0.43327056277056275
1048_588.txt,0.9156580505950254,15.357142857142858,0.40778783613758984
1048_589.txt,0.91649026978202,12.882352941176471,0.41055112328332144
1048_590.txt,0.9442438601750596,14.837837837837839,0.41766074058019526
1048_591.txt,0.9633665268340191,11.575757575757576,0.4121305275417997
1048_592.txt,0.879075182949695,16.107142857142858,0.4346315016621297
1048_593.txt,0.9434385010291689,12.470588235294118,0.40325181768444246
1048_594.txt,0.9705953768453769,9.25,0.5117985602360602
1049_595.txt,0.9168155570037292,12.833333333333334,0.42734688151354816
1049_596.txt,0.923289399966135,16.896551724137932,0.37526926743351424
1049_597.txt,0.9500300372674321,15.291666666666666,0.35428826407087277
1049_598.txt,0.9207067669269929,17.0,0.38141075573586075
1049_599.txt,0.8905915087891255,18.772727272727273,0.3739519438315428
1049_600.txt,0.9120755295550252,16.655172413793103,0.38643148181099474
1049_601.txt,0.9425064459218964,12.382352941176471,0.4247222860760923
1049_602.txt,0.9291418298008743,15.28125,0.3908572110877897
1049_603.txt,0.9105657628844407,20.61111111111111,0.4155545477269024
1049_604.txt,0.9348681232476711,14.766666666666667,0.36681400843165546
1049_605.txt,0.9276273134371126,14.36111111111111,0.3796906774235206
1049_606.txt,0.9455390811632614,13.297297297297296,0.3853014103014103
1049_607.txt,0.9422145805441272,11.823529411764707,0.34777634982238564
1050_608.txt,0.9249717961474787,21.77777777777778,0.34088007172566
1050_609.txt,0.9155788142318314,19.8125,0.3317227774948363
1050_610.txt,0.8882700086050207,25.09090909090909,0.35202988555366826
1050_611.txt,0.8940996465347368,21.0,0.34773553170857174
1050_612.txt,0.9301359096408554,13.689655172413794,0.3755118237736969
1050_613.txt,0.907822682982569,22.25,0.332370804201433
1050_614.txt,0.8915916847788172,18.833333333333332,0.3356897519253841
1050_615.txt,0.9383950855573393,21.764705882352942,0.32110422275760525
1050_616.txt,0.9354737295671361,14.846153846153847,0.36651807298260386
1050_617.txt,0.8869359598206383,19.142857142857142,0.3412140116667175
1050_618.txt,0.9441064759613147,13.115384615384615,0.34236449824685117
1050_619.txt,0.9105244068953747,20.166666666666668,0.3325583391114867
1050_620.txt,0.8976264818180926,18.434782608695652,0.34542144398445573
1050_621.txt,0.893132233274769,21.818181818181817,0.3728161603161603
1050_622.txt,0.9231670119029459,19.68421052631579,0.359621545966524
1050_623.txt,0.9310648806701439,16.541666666666668,0.34302948872576067
1050_624.txt,0.9240447213368105,22.5,0.37886761311710604
1050_625.txt,0.8772633163937512,18.363636363636363,0.31584363349069233
1051_626.txt,0.8290484177755983,16.1,0.500063433642381
1051_627.txt,0.8552919216977649,19.3,0.36474758025801585
1051_628.txt,0.8453563484511553,18.166666666666668,0.38610862821389136
1051_629.txt,0.8794012677479286,21.48,0.4014253578984085
1051_630.txt,0.931374530488524,15.523809523809524,0.3853087388801674
1051_631.txt,0.8748717115028382,17.413793103448278,0.3874193648655682
1051_632.txt,0.8899972777521619,15.724137931034482,0.43938954507172717
1051_633.txt,0.8816715505652287,13.13888888888889,0.40282657184115994
1051_634.txt,0.8851037040372425,18.84,0.3809352164625998
1051_635.txt,0.8234243875620835,18.625,0.422901000597079
1051_636.txt,0.8580565041349355,16.555555555555557,0.3717714615440181
1051_637.txt,0.915315138451957,15.033333333333333,0.3797941531971633
1051_638.txt,0.8565998646662264,17.5,0.3327445940497411
1051_639.txt,0.8797345771601441,15.444444444444445,0.36953369554676746
1051_640.txt,0.9297887891005302,11.384615384615385,0.5136069059145982
1051_640a.txt,1.0,4.588235294117647,0.8323529411764706
1052_642.txt,0.8838924216143943,19.27777777777778,0.4678858178858179
1052_643.txt,0.8864017523938457,19.0,0.46091409450542575
1052_644.txt,0.9284277939247613,15.136363636363637,0.44098450569038805
1052_645.txt,0.9316055234063239,15.45,0.4919981557552715
1052_646.txt,0.9074813365687769,24.6,0.4351025800002782
1052_647.txt,0.9335593459776761,15.157894736842104,0.5103536651524267
1052_648.txt,0.9366499680496958,17.5,0.4542621115643428
1052_649.txt,0.9670460468385369,15.227272727272727,0.4085115645031015
1052_650.txt,0.9159813280780033,19.16,0.4099597652469506
1053_652.txt,0.9340858318636095,13.722222222222221,0.4381889452011403
1053_653.txt,0.9466921501409599,11.0,0.4772198586853759
1053_654.txt,0.8957318544813497,18.57894736842105,0.42659576631794327
1053_655.txt,0.9026689676689678,22.666666666666668,0.4108740092435745
1053_656.txt,0.9110235760971056,21.944444444444443,0.41582508056519174
1053_657.txt,0.8913482442074445,23.2,0.44366639233646904
1053_658.txt,0.9264470614283875,18.055555555555557,0.38817991346586117
1053_659.txt,0.9425860087624794,13.0,0.5107213128306878
1053_660.txt,1.0,4.857142857142857,0.6785714285714286
1054_661.txt,0.9389500743931524,10.375,0.4605380267880268
1054_662.txt,0.9179569138273255,12.161290322580646,0.42158982436496667
1054_663.txt,0.9207130832130832,9.777777777777779,0.3617604617604618
1054_664.txt,0.9005689141534525,11.516129032258064,0.3975557596525338
1054_665.txt,0.8755880145976765,11.962962962962964,0.3121882656196382
1054_666.txt,0.8879245395538409,15.038461538461538,0.3841824755911443
1054_667.txt,0.9312855041006299,12.085714285714285,0.39189998180599683
1054_668.txt,0.897016599708752,14.26086956521739,0.38398926544706596
1054_669.txt,0.9100871671752443,12.777777777777779,0.37136518959435627
1054_670.txt,0.8762850012483443,14.318181818181818,0.3885179749730833
1054_671.txt,0.9139992249228073,12.636363636363637,0.3871068003563168
1054_672.txt,0.912195872899437,16.64,0.3935664375463137
1054_673.txt,0.8792879473467708,14.04,0.38380676670999253
1054_674.txt,0.9376908638899301,10.0,0.48541055718475073
1054_675.txt,0.8481462792453505,17.5,0.38213343721495896
1054_676.txt,0.9191931216931217,10.62962962962963,0.45865981844242715
1054_677.txt,0.9117217708761826,17.625,0.45744301994301995
1055_678.txt,0.9641211614895825,8.619047619047619,0.558531746031746
1055_679.txt,0.9246079893394473,12.75,0.4309686147186147
1055_680.txt,0.9099892825899019,14.333333333333334,0.43283699258954716
1055_681.txt,0.934403173004281,14.894736842105264,0.4151449753799548
1055_682.txt,0.9162978164305942,16.8,0.42370576474123384
1055_683.txt,0.9675613129560499,9.04,0.4763986013986014
1055_684.txt,0.9756944444444444,7.5,0.5887566137566137
1055_685.txt,0.930900390459214,13.222222222222221,0.5021629071313788
1055_686.txt,0.9661165915641619,11.941176470588236,0.5017707547415251
1055_687.txt,0.9374832577394905,14.31578947368421,0.3998531968132694
1055_688.txt,0.9394908210697684,11.842105263157896,0.34046874178453124
1055_689.txt,0.9353741496598639,7.857142857142857,0.6649659863945578
1056_690.txt,0.9187851296944423,22.153846153846153,0.4022707519798304
1056_691.txt,0.83797871814128,31.733333333333334,0.3186149734238979
1056_692.txt,0.8719147116324536,21.09090909090909,0.4740750685414717
1056_693.txt,0.9196358052419744,23.25,0.38014852530981563
1056_694.txt,0.9050986161848059,20.615384615384617,0.3720387117200023
1056_695.txt,0.8445076216156725,35.6,0.3595434054184054
1056_696.txt,0.9652413113951576,14.692307692307692,0.47023629964806435
1056_697.txt,0.9078650137741047,17.818181818181817,0.4422542369910791
1056_698.txt,0.8027001882315498,25.8,0.4413799650641756
1056_699.txt,0.9473155929038283,15.666666666666666,0.4407738095238095
1056_700.txt,0.9463374710573708,11.0,0.5199175824175825
1057_702.txt,0.9122696106072067,15.470588235294118,0.4447753111939963
1057_703.txt,0.8424349474988915,25.466666666666665,0.3511283374908191
1057_704.txt,0.8026814719587695,33.916666666666664,0.40129462196348165
1057_705.txt,0.8753804552123879,23.857142857142858,0.5161335720728969
1057_706.txt,0.9246900553092348,16.666666666666668,0.7551069703243616
1057_707.txt,0.9476381461675579,6.0,0.47024793388429753
1058_708.txt,0.9576920268636909,10.695652173913043,0.44231420753159884
1058_709.txt,0.9670962357562615,9.974358974358974,0.43187232157820393
1058_710.txt,0.9285599282675306,14.222222222222221,0.43659819157403695
1058_711.txt,0.9619432313749702,11.03225806451613,0.3718582067366148
1058_712.txt,0.9473365839335914,12.285714285714286,0.42480594802023375
1058_713.txt,0.9450007316673983,11.266666666666667,0.3004712101480677
1058_714.txt,0.9336117216117217,11.48,0.4403302373581011
1058_715.txt,0.9199226699226699,8.333333333333334,0.5289351851851852
1059_716.txt,0.9098762512475154,17.384615384615383,0.3172937058001031
1059_717.txt,0.9312687419717575,14.64516129032258,0.44678438962120176
1059_718.txt,0.9145132978195617,15.75,0.37583369083369084
1059_719.txt,0.9209870110711379,15.136363636363637,0.4188593039071508
1059_720.txt,0.93579260516395,10.972222222222221,0.4083962880778289
1059_721.txt,0.8955737164070499,13.666666666666666,0.4147793768504553
1059_722.txt,0.9139221035894464,14.2,0.333128724314079
1059_723.txt,0.9498574162870036,13.108108108108109,0.3755931255931256
1059_724.txt,0.8978581428513329,16.814814814814813,0.4036693633279183
1059_725.txt,0.9321152496779739,14.74074074074074,0.3814401329845142
1059_726.txt,0.9264784170046028,9.409090909090908,0.5163454638053568
1059_727.txt,0.8666666666666666,4.2,0.5333333333333333
1060_728.txt,0.9182866372143038,14.06060606060606,0.42146419349502473
1060_729.txt,0.9400032699866845,12.885714285714286,0.42592131754574153
1060_730.txt,0.9364627116281659,12.11111111111111,0.4406166741351926
1060_731.txt,0.9367774331469185,11.3125,0.4433903089693531
1060_732.txt,0.9240673419560379,10.560975609756097,0.47835404671846565
1060_733.txt,0.9588439068226667,9.146341463414634,0.45493457084920497
1060_734.txt,0.954365274565171,10.8,0.43375868648894966
1060_735.txt,0.9769708287355348,8.577777777777778,0.3955818872485539
1060_736.txt,0.9399571343456793,12.162162162162161,0.42580151693304596
1060_737.txt,0.9701703445605884,9.292682926829269,0.5094208636891564
1060_738.txt,0.9885714285714287,7.96,0.48673980405559353
1062_739.txt,0.8943647861443428,24.285714285714285,0.4607441748066748
1062_740.txt,0.9373372379254731,15.133333333333333,0.5010522810522811
1062_741.txt,0.8899107063619783,21.555555555555557,0.4773899968344413
1062_742.txt,0.9025820264709155,18.22222222222222,0.3881595246011722
1062_743.txt,0.7918133633923108,26.09090909090909,0.5017201380837745
1062_744.txt,0.9145568541079376,16.88888888888889,0.4172506072734267
1062_745.txt,0.9014356756883425,20.95,0.3986285756944426
1062_746.txt,0.9392712550607288,11.615384615384615,0.6109783935870893
2001_000.txt,0.7497276162717339,70.75,0.3330925040911361
2001_001.txt,0.7786506386568057,47.333333333333336,0.36372835054088043
2001_002.txt,0.8689108407385905,34.5625,0.42530895230919014
2001_003.txt,0.8385560100644884,40.0,0.36311822746493727
2001_004.txt,0.8001515492951775,40.857142857142854,0.4042750369769003
2001_005.txt,0.8733272977022978,36.625,0.40911402140601055
2001_006.txt,0.8333759343435893,40.285714285714285,0.30584381447710196
2001_007.txt,0.8667274726824109,37.583333333333336,0.4210678807957374
2001_008.txt,0.8558455775013977,39.57142857142857,0.39818347628906636
2001_009.txt,0.8341267025838709,42.0,0.3542684780451847
2001_010.txt,0.7985809553349876,58.25,0.3332019959069139
2001_011.txt,0.8417656915732251,37.875,0.3631224783670436
2001_012.txt,0.7645856445510099,45.285714285714285,0.43623060509470246
2001_013.txt,0.8407391624772786,38.76923076923077,0.3811889682088309
2002_014.txt,0.9036309003000614,23.083333333333332,0.3873182734776217
2002_015.txt,0.8475868725868725,39.8,0.423509515099002
2002_016.txt,0.8630397759234557,36.77777777777778,0.3219135031635032
2002_017.txt,0.9019850223679412,24.785714285714285,0.3479607439815419
2002_018.txt,0.8215717708518183,43.916666666666664,0.30708964046875953
2002_019.txt,0.902225749079296,21.0,0.3707716231881781
2002_020.txt,0.8645345094028497,29.307692307692307,0.3055406253844438
2002_021.txt,0.8587959975012474,31.666666666666668,0.37893282350620583
2002_022.txt,0.8340045482588904,42.4,0.4062042178518151
2002_023.txt,0.8518533410843473,33.46153846153846,0.3126330619159824
2002_024.txt,0.7198150354046721,82.0,0.3021945295337108
2002_025.txt,0.9134499995878974,22.53846153846154,0.35729334767796306
2002_026.txt,0.8417232021709633,41.8,0.28163821472645
2002_027.txt,0.8071233408313097,62.833333333333336,0.40567226712758203
2002_028.txt,0.8112180187720166,35.15384615384615,0.3581441815441181
2002_029.txt,0.8754156486084197,33.25,0.35323387297071507
2002_030.txt,0.9057999644465811,22.5,0.37892759110333096
2002_031.txt,0.7746603518295797,43.75,0.2870125515760654
2002_032.txt,0.8807938686286211,29.72222222222222,0.38158667687653197
2002_033.txt,0.841524638791045,36.333333333333336,0.3705276955283334
2002_034.txt,1.0,5.0,1.0
2002_035.txt,0.7969681631127266,43.266666666666666,0.34666136277534787
2002_036.txt,0.9488848704038578,20.0,0.4170068027210884
2003_037.txt,0.9218060618961544,20.727272727272727,0.35055039428671886
2003_038.txt,0.8782562645546728,25.125,0.382757166803503
2003_039.txt,0.883764664346149,29.357142857142858,0.3896291385696631
2003_040.txt,0.8864210209368623,23.61111111111111,0.32382267136103454
2003_041.txt,0.9253496559858567,18.11111111111111,0.3396718552515654
2003_042.txt,0.8508221512447265,33.25,0.36073201145852934
2003_043.txt,0.8763062067818376,26.642857142857142,0.3056773382138108
2003_044.txt,0.9018901701453332,24.764705882352942,0.36407115310567995
2003_045.txt,0.8728784843457711,21.09090909090909,0.3861952861952862
2003_046.txt,0.8686324051635056,31.866666666666667,0.426753663003663
2003_047.txt,0.9104591542362636,23.25,0.3618440045381896
2003_048.txt,0.9183447453684721,18.333333333333332,0.40668625947695713
2004_050.txt,0.918340699626546,18.1,0.6160795454545455
2004_051.txt,0.9245110809876106,17.8,0.44656387369143125
2004_052.txt,0.9133993691025366,19.058823529411764,0.3627150787185389
2004_053.txt,0.8392693864706058,29.88888888888889,0.3608677301961018
2004_054.txt,0.8882365943109138,31.22222222222222,0.3933592277490706
2004_055.txt,0.9203988220281909,18.842105263157894,0.4174277275899432
2004_056.txt,0.9025481622668324,15.0,0.36986052699663285
2004_057.txt,0.8995003084932234,23.5,0.39077126907184245
2004_058.txt,0.8662233870899081,26.928571428571427,0.3956693481014364
2004_060.txt,0.81744141925481,36.294117647058826,0.3413862262030871
2004_061.txt,0.8482409501397925,26.681818181818183,0.3457555372034212
2004_062.txt,0.9186050647318252,19.125,0.4855294895736072
2004_063.txt,1.0,5.571428571428571,0.5523809523809524
2004_064.txt,0.9383725961918215,16.176470588235293,0.4412554861516799
2004_065.txt,0.8636807639559215,21.25,0.3796843816490422
2004_066.txt,0.8722911210053734,21.818181818181817,0.3890996693789103
2004_067.txt,0.7992120779935906,31.071428571428573,0.36857733971914497
2004_068.txt,0.8974142436303482,20.94736842105263,0.37742861427071955
2004_069.txt,0.8748979998098338,26.625,0.3726005649822559
2004_070.txt,0.8275516894299252,33.84615384615385,0.4474076136889678
2004_071.txt,0.9081101042711214,20.266666666666666,0.3625999213609451
2004_072.txt,0.8343991402803405,31.294117647058822,0.33133584237901875
2004_073.txt,0.8971384008148715,17.0,0.4243827160493827
2004_074.txt,0.8828397111440224,23.272727272727273,0.37366461259383216
2004_075.txt,0.9273186220760234,21.25,0.3374623888016745
2005_076.txt,0.8197802197802199,7.8,0.65
2005_077.txt,1.0,5.666666666666667,0.8
2005_078.txt,0.7906281837724393,46.75,0.493371167053669
2005_079.txt,0.7505772816186809,78.2,0.43697712418300655
2005_080.txt,0.8194877991602099,38.2,0.38008769506775486
2005_081.txt,0.843750156512158,40.0,0.39319994983788087
2005_082.txt,0.8565227159808277,44.5,0.4885302802247062
2005_083.txt,0.8083996626611367,46.666666666666664,0.44476675167212254
2005_084.txt,0.813940321467757,35.625,0.4872808972073678
2005_085.txt,0.8458943186395079,69.28571428571429,0.456755157997394
2005_086.txt,0.8548387096774194,47.0,0.36477174849267874
2005_087.txt,0.8073818025147453,65.0,0.4349792623602147
2005_088.txt,0.8398318790544335,35.75,0.3423458474231801
2005_089.txt,0.8320101351351351,26.333333333333332,0.4929463339904766
2006_090.txt,0.8883128883884931,19.125,0.40334658369014353
2006_091.txt,0.8607495662770948,28.583333333333332,0.36939336857100014
2006_092.txt,0.8867212397319236,22.27777777777778,0.38769739398834574
2006_093.txt,0.9043026707812981,20.954545454545453,0.3359427527530858
2006_094.txt,0.9080983000424276,21.9375,0.3883311316152054
2006_095.txt,0.9178637077728384,19.095238095238095,0.4025082216826413
2006_096.txt,0.8496590835405952,29.214285714285715,0.33517088653643273
2006_097.txt,0.8823219323510902,22.466666666666665,0.35395744606270924
2006_098.txt,0.8942388021335389,25.333333333333332,0.34768280184946854
2006_099.txt,0.9416867553578382,16.625,0.3682209791305248
2006_100.txt,0.8855699439134138,26.545454545454547,0.3590423569300575
2006_101.txt,0.937273714024387,16.884615384615383,0.3759260093905109
2006_102.txt,0.8762719298855733,24.714285714285715,0.34043301797061193
2006_103.txt,0.9190169195651655,19.944444444444443,0.306845272102625
2006_104.txt,0.9348276577270285,15.10344827586207,0.386672809948672
2006_105.txt,0.9587057010785824,11.818181818181818,0.37430145611963794
2007_106.txt,0.9333333333333332,4.8,1.0
2007_107.txt,0.8762130749866806,23.75,0.3684976592745135
2007_108.txt,0.8747194133795592,23.391304347826086,0.36664115004622533
2007_109.txt,0.9099430345562527,22.27777777777778,0.4270448814076265
2007_110.txt,0.9062005458133351,17.75,0.3452729412674392
2007_111.txt,0.8712144886653967,25.076923076923077,0.36406730156730155
2007_112.txt,0.8966403784117017,20.94736842105263,0.3609129099374108
2007_113.txt,0.9129967805411576,19.263157894736842,0.3986981851997332
2007_114.txt,0.9228226804451851,19.384615384615383,0.4148819255530606
2007_115.txt,0.8634264090165144,25.88888888888889,0.3461573596845027
2007_116.txt,0.8914403017195571,26.833333333333332,0.3433389608757256
2007_117.txt,0.8892882627068832,20.789473684210527,0.36382161799848456
2008_118.txt,0.8277596362867681,33.0,0.29374720104235336
2008_119.txt,0.8708658008658009,24.1,0.2613155854753162
2008_120.txt,0.9019670765252926,25.142857142857142,0.3096771954702627
2008_121.txt,0.9133953551083697,24.333333333333332,0.3974095317344745
2008_122.txt,0.8172542705643171,53.0,0.42260192336976493
2008_123.txt,0.8459496123853435,30.625,0.34861605652609323
2008_124.txt,0.7970536510021929,46.45454545454545,0.34087252669662904
2008_125.txt,0.8379891587452836,28.727272727272727,0.3939174550939257
2008_126.txt,0.8494889629961332,33.5625,0.3993140196112197
2008_127.txt,0.8428846822550542,23.6,0.42191279308926366
2008_128.txt,0.9173329051454399,22.26086956521739,0.3417069388760014
2008_129.txt,0.8872023809523809,28.5,0.43889364477599774
2008_130.txt,0.8066334710129562,40.375,0.35859363749559975
2008_131.txt,0.8524027704008008,25.88888888888889,0.4088624092034605
2008_132.txt,0.9121885599402195,18.72,0.3534153316971653
2008_133.txt,0.9208838069654008,13.222222222222221,0.3916542931035685
2008_134.txt,0.8504957707898886,26.3,0.34173175946860157
2008_135.txt,0.8531853747425779,28.6875,0.2925669606549005
2008_136.txt,0.9076280668700881,19.625,0.40146801371442764
2008_137.txt,0.8716440886699508,17.444444444444443,0.38668599918599916
2008_138.txt,0.8613887275904989,26.454545454545453,0.3411324763742806
2008_139.txt,0.8825658331347661,21.53846153846154,0.33174329053372087
2008_140.txt,0.8729469855395919,26.642857142857142,0.3800728455748132
2008_141.txt,0.8644759545460668,26.055555555555557,0.4075250009778081
2008_142.txt,0.9007928727046375,19.65,0.34094505984211865
2008_143.txt,0.8711967513488906,21.85,0.4550949093532214
2008_144.txt,0.8473187534000228,23.45,0.39130019719106407
2008_145.txt,1.0,6.25,0.23392857142857143
2008_146.txt,0.8845258537590661,23.0,0.34949703285569544
2009_147.txt,0.8877885327004543,28.785714285714285,0.2834267328865168
2009_148.txt,0.8727255433930339,22.285714285714285,0.39962283956644856
2009_149.txt,0.8552151232184816,30.9,0.5131347432167104
2009_150.txt,0.8833438985793238,21.38095238095238,0.32852358531085685
2009_151.txt,0.9025408379773175,22.4,0.36950604167338036
2009_152.txt,0.9046931861301023,18.90909090909091,0.4447608469552043
2009_153.txt,0.895706228314924,20.56,0.3569427021207207
2009_154.txt,0.9130473976998498,17.814814814814813,0.41414207924727175
2009_155.txt,0.930909826660574,16.17142857142857,0.36053224963562697
2009_156.txt,0.9128323123680094,18.666666666666668,0.4243953566468186
2009_157.txt,0.8935729273439359,22.8125,0.3962447163975802
2010_158.txt,0.9649840899840899,10.5,0.5311598124098124
2010_159.txt,0.9285714285714286,14.0,0.4444444444444444
2010_160.txt,0.8888001239646426,22.235294117647058,0.3968568868689042
2010_161.txt,0.8941132566542546,23.40909090909091,0.3124996565065735
2010_162.txt,0.8900186592226014,23.384615384615383,0.36407404312999025
2010_163.txt,0.9025100172158995,21.3,0.3910336134453781
2010_164.txt,0.9255067903114199,27.454545454545453,0.3356047005000202
2010_165.txt,0.8152904182267873,34.30769230769231,0.3303002930643866
2010_166.txt,0.8839320742345702,22.923076923076923,0.3476844160659511
2010_167.txt,0.9120698862710157,24.071428571428573,0.3380740778591868
2010_168.txt,0.9111224306380572,26.941176470588236,0.34479849875687274
2010_169.txt,0.8984288280268985,26.866666666666667,0.33296092569504937
2010_170.txt,0.8758878789020117,21.41176470588235,0.3932764493448717
2010_171.txt,0.8912269901235624,22.58823529411765,0.28610724040071833
2010_172.txt,0.8732799307228778,27.53846153846154,0.39301621008277354
2010_173.txt,0.9348413840080507,19.8,0.44047507503389854
2010_174.txt,0.9156303066224488,23.3,0.32739558446369593
2010_175.txt,0.9104412874260014,24.157894736842106,0.3847712696747382
2010_176.txt,0.906984126984127,19.066666666666666,0.3495829505891425
2010_177.txt,0.9356060606060606,13.0,0.2957070707070707
2011_178.txt,1.0,5.875,0.5631944444444444
2011_179.txt,0.9195309227977104,17.76923076923077,0.44605158543347034
2011_180.txt,0.8868521290156718,22.63157894736842,0.3851918919907491
2011_181.txt,0.910870440332177,20.75,0.36501442471796036
2011_182.txt,0.9009655542146124,15.25,0.37769741257707096
2011_183.txt,0.9508658238677864,14.157894736842104,0.4475505488663383
2011_184.txt,0.9010525274454243,27.714285714285715,0.3308086782957776
2011_185.txt,0.8673826541645692,30.785714285714285,0.3846251924356935
2011_186.txt,0.9757678654113289,12.636363636363637,0.4676997245179063
2012_187.txt,0.9523809523809524,6.166666666666667,0.4365079365079365
2012_188.txt,0.9314574314574314,6.916666666666667,0.5378787878787878
2012_189.txt,0.9559790500491784,11.352941176470589,0.4312113972148574
2012_190.txt,0.8815661978449701,25.533333333333335,0.38392806164611437
2012_191.txt,0.9268098522906215,23.307692307692307,0.33742692201771485
2012_192.txt,0.9185424830805267,22.5,0.326086138067436
2012_193.txt,0.8958280578940705,23.789473684210527,0.3897991333152906
2012_194.txt,0.8428202536514474,25.0,0.4413184597660404
2012_195.txt,0.8279403547312904,37.111111111111114,0.29818133466978647
2012_196.txt,0.8715804907715631,22.736842105263158,0.365940733101735
2012_197.txt,0.9419523599446873,16.6,0.41292471434268746
2012_198.txt,0.9022082085441219,25.933333333333334,0.378919056055305
2012_199.txt,0.8767370398645754,27.916666666666668,0.4083850058535413
2012_200.txt,0.9407435572837216,18.833333333333332,0.38019179894179894
2012_201.txt,0.950375878601685,14.25,0.4504267435301918
2013_202.txt,0.8847813207413696,23.375,0.36692485104463324
2013_203.txt,0.8273309559405363,31.545454545454547,0.36210587331111627
2013_204.txt,0.8703747543326547,29.12,0.38104165085007424
2013_205.txt,0.8845707576295464,19.428571428571427,0.42584067968577033
2013_206.txt,0.918292191709978,25.363636363636363,0.35574237364012334
2013_207.txt,0.9083569820765092,23.181818181818183,0.34387853288782083
2013_208.txt,0.921727583178108,16.454545454545453,0.30740433479563917
2013_209.txt,0.8741200526436923,24.68421052631579,0.32619789051677595
2013_210.txt,0.9147455194610586,25.05263157894737,0.3388598547367716
2013_211.txt,0.9231280042421347,19.5,0.3551204807385821
2013_212.txt,0.8536801363598748,22.666666666666668,0.4155295854086177
2013_213.txt,0.8845305679880665,27.133333333333333,0.3647296716707093
2013_214.txt,0.8835704115085381,21.666666666666668,0.4140038343708402
2013_215.txt,0.9114379355999574,21.5,0.377039560363359
2013_216.txt,0.9055909992274593,22.125,0.4503060452794263
2013_217.txt,0.9165269369812612,23.375,0.333329461236438
2014_218.txt,0.8602350427350428,28.8,0.49653679653679655
2014_219.txt,0.8685434851229187,29.25,0.34782365301011997
2014_220.txt,0.8539847162027613,24.09090909090909,0.39413798817362583
2014_221.txt,0.8680957340948198,33.0,0.33932113429608035
2014_222.txt,0.8570373706803729,30.272727272727273,0.34649859063373945
2014_223.txt,0.8645923061519608,39.75,0.3387699732572024
2014_224.txt,0.8736409804552215,35.0,0.28506072054459153
2014_225.txt,0.8874472611819387,22.857142857142858,0.33944547515976087
2014_226.txt,0.8210854343912513,40.785714285714285,0.3325197225241806
2014_227.txt,0.8942758385130416,23.9375,0.4302971159671924
2014_228.txt,0.8641578033352562,33.75,0.35349171661671663
2014_229.txt,0.8891859011749897,24.3,0.3436551813123782
2014_230.txt,0.8834673846683232,22.29032258064516,0.36262778965517356
2014_231.txt,0.916693337314027,21.866666666666667,0.3597600667905086
2014_233.txt,0.9206384561466143,20.535714285714285,0.38096515376039686
2014_235.txt,0.8526986247168927,29.227272727272727,0.3544363161603493
2014_236.txt,0.8771582687003484,26.5,0.3449709794547664
2014_237.txt,0.9356659317474938,23.53846153846154,0.3677907332319097
2015_238.txt,0.8342626784726341,42.8,0.36628447492900096
2015_239.txt,0.8339165191796771,34.77777777777778,0.3573855644126993
2015_240.txt,0.8164611107917924,46.0,0.2978409237081613
2015_241.txt,0.83602535544795,46.166666666666664,0.3462779780080623
2015_242.txt,0.6511002977703537,165.0,0.23173076923076924
2015_243.txt,0.9026384282775702,23.88235294117647,0.3627778551887125
2015_244.txt,0.8845738978398462,27.4,0.4100751161186733
2015_245.txt,0.8362228893465415,37.583333333333336,0.30125176690744715
2015_246.txt,0.8849652247880915,35.15384615384615,0.43511898196332643
2015_247.txt,0.8867713367202237,32.3,0.37162803041779713
2015_248.txt,0.8434947603393741,32.0,0.28119189605257716
2015_249.txt,0.8339702295095284,38.0,0.3668627962084624
2015_250.txt,0.8609658341255437,37.8,0.3279934396016999
2015_251.txt,0.868236859330089,35.166666666666664,0.3688552188552189
2016_252.txt,0.8890477181946824,23.6,0.4362516913632532
2016_253.txt,0.9115412463576155,19.61111111111111,0.4277899091117482
2016_254.txt,0.8867730784734834,18.23076923076923,0.41194952944467456
2016_255.txt,0.7791409593913353,39.142857142857146,0.3143358017971021
2016_256.txt,0.8839513682931973,24.75,0.4276884864720946
2016_257.txt,0.907593721770551,26.5,0.34984927332562904
2016_258.txt,0.8941790132579606,27.125,0.40378198105260915
2016_259.txt,0.9118756739443469,22.782608695652176,0.4003440199973069
2016_260.txt,0.8770233123653841,21.75,0.4203894068285516
2016_261.txt,0.9331465919701213,18.666666666666668,0.3276536248027476
2017_262.txt,0.8342626784726341,42.8,0.3769578600102273
2017_263.txt,0.8510943117061538,31.3,0.4035136858602332
2017_264.txt,0.8164611107917924,46.0,0.29882884573983637
2017_265.txt,0.835257306292804,46.0,0.3462402993984479
2017_266.txt,0.7422994595227997,82.75,0.2931287149005944
2017_267.txt,0.9052496190953606,23.941176470588236,0.3964298022869294
2017_268.txt,0.8923977680698889,25.875,0.3914474325697236
2017_269.txt,0.8364843272550382,37.666666666666664,0.31163723090718
2017_270.txt,0.8845091591146345,35.07692307692308,0.4371890806018003
2017_271.txt,0.8970648515638397,29.363636363636363,0.353659511096582
2017_272.txt,0.8431474731863274,31.90909090909091,0.29128918539250326
2017_273.txt,0.8432412178214722,35.42857142857143,0.3894587953620812
2017_274.txt,0.8609658341255437,37.8,0.34610158619117987
2017_275.txt,0.8676759618941917,35.0,0.3808377896613191
2018_276.txt,0.8719413563549,23.142857142857142,0.43958626558831115
2018_277.txt,0.8785046659659073,17.761904761904763,0.4356930198063203
2018_278.txt,0.8582043016555124,21.0,0.39839040102198
2018_279.txt,0.8534660454634444,24.75,0.34924258259856084
2018_280.txt,0.8843583722315065,27.125,0.36645000510325587
2018_281.txt,0.9420779066612401,14.61111111111111,0.5617620129416863
2018_282.txt,0.9250928609657264,17.583333333333332,0.3901191401191401
2018_283.txt,0.9056378609135963,18.625,0.39988915372767925
2018_284.txt,0.8450360082304527,39.0,0.4240890688259109
2019_285.txt,0.7861263736263737,40.4,0.39998849781458473
2019_286.txt,0.8436341219913255,37.625,0.3563696126129094
2019_287.txt,0.8173143793171334,37.5,0.3888199606062182
2019_288.txt,0.8294128767643634,33.583333333333336,0.3543882167890376
2019_289.txt,0.8658501268846097,29.8,0.35344821844821844
2019_290.txt,0.7927325871059887,51.25,0.2685597412480974
2019_291.txt,0.8808289239186948,28.5625,0.34394238684349043
2019_292.txt,0.8449832775919732,31.125,0.40099891428016426
2019_293.txt,0.8013067179733846,37.166666666666664,0.35737027754571615
2020_294.txt,0.8427196528764765,29.714285714285715,0.39352154998301614
2020_295.txt,0.8568378115481274,26.5,0.3248504514856259
2020_296.txt,0.8109951348561873,57.57142857142857,0.44744413116123644
2020_297.txt,0.8461800188429565,35.333333333333336,0.32478068940287974
2020_298.txt,0.8518689250092149,36.2,0.4262045258675151
2020_299.txt,0.8389064409728783,43.625,0.3778883836143153
2020_300.txt,0.899312948624504,34.44444444444444,0.3674603174603175
2020_301.txt,0.8730564744384052,30.0,0.36211762971844996
2020_302.txt,0.8832635472159354,23.727272727272727,0.3571366361365194
2020_303.txt,0.8206358034500415,36.4,0.3772788614893878
2020_304.txt,0.9082675425261236,23.4,0.3543498653348566
2020_305.txt,0.8713415778070951,34.0,0.3432535597590677
2020_306.txt,0.8368014572695499,35.888888888888886,0.3482321303577342
2020_307.txt,0.9194688269573064,27.666666666666668,0.32396616541353385
2020_308.txt,0.7823565013980835,48.666666666666664,0.36860034191955604
2021_309.txt,0.855930290537113,31.90909090909091,0.4505940630342544
2021_310.txt,0.8666916766706683,24.642857142857142,0.37462316083109054
2021_311.txt,0.8200095759824958,36.25,0.35302769570678183
2021_312.txt,0.8254377773943076,29.166666666666668,0.3456884385455814
2021_313.txt,0.8670366169587527,27.636363636363637,0.35601203445712076
2021_314.txt,0.895257787391779,27.8,0.362911067607037
2021_315.txt,0.9052636549942082,24.4,0.36141044439431536
2021_316.txt,0.8490320782017571,31.1,0.34369013817474714
2021_317.txt,0.9185417558178649,22.041666666666668,0.3811983805033004
2021_318.txt,0.8457369899157691,36.75,0.33501152865642825
2021_319.txt,0.8309596520146174,29.833333333333332,0.41108238167061695
2021_320.txt,0.8792638854291465,28.444444444444443,0.4303525450584274
2021_321.txt,0.9061138038621742,20.2,0.32247640789436455
2021_322.txt,0.881204812063264,28.307692307692307,0.335287247126712
2021_323.txt,0.889933696184172,23.8125,0.3599719291125541
2021_324.txt,0.8682819540859823,21.8125,0.4037767466103932
2021_325.txt,0.9291176470588235,21.0,0.35337249304640606
2022_326.txt,0.8990483891055112,29.285714285714285,0.39065157644857484
2022_327.txt,0.8286526130302274,47.5,0.34832711357570617
2022_328.txt,0.7845456542459205,42.44444444444444,0.33000966226772677
2022_329.txt,0.7195021025731666,54.75,0.31728458989229497
2022_330.txt,0.8993812214151197,30.666666666666668,0.37506256256256254
2022_331.txt,0.7947617761254412,49.285714285714285,0.2963484752726435
2022_332.txt,0.8300345208505938,37.0,0.3563172958975058
2022_333.txt,0.8392178802879268,40.25,0.35790224414317884
2022_334.txt,1.0,13.0,0.3333333333333333
2022_335.txt,0.8286779902661833,34.9,0.3726618807923156
2022_336.txt,0.7959077814226121,44.4,0.3205811965811966
2022_337.txt,0.8914199134199133,26.2,0.33218325302118545
2022_338.txt,0.8467097557871014,28.545454545454547,0.3383295513593122
2022_339.txt,0.7910313394618788,46.7,0.3317196747578567
2022_340.txt,0.8629857568385981,25.3,0.39114460208170093
2022_341.txt,0.8014463985537077,41.45454545454545,0.3702794349423188
2022_342.txt,0.8874843754292931,30.545454545454547,0.45424113555386136
2022_343.txt,0.8757255409861622,25.333333333333332,0.440970525526135
2022_344.txt,0.825189393939394,39.166666666666664,0.3798148148148148
2022_345.txt,0.8914278745038549,27.916666666666668,0.3766575669466136
2022_346.txt,0.8783693109386074,30.0,0.35541789073145513
2022_347.txt,0.8814864879923334,29.066666666666666,0.3343169997842226
2022_348.txt,0.8781581099912154,29.153846153846153,0.3436645054292113
2022_349.txt,0.8712229876880712,25.75,0.27730964975809924
2022_350.txt,0.8390531950694942,30.615384615384617,0.3829557644334972
2022_351.txt,0.8873323763206523,26.0625,0.3451617509093328
2022_352.txt,0.8928399248148465,28.272727272727273,0.40460070015632815
2022_353.txt,0.9224366814004407,20.105263157894736,0.3674541986176335
2022_354.txt,0.8431970849609246,33.0,0.3966661854479459
2022_355.txt,0.8461128575994504,38.0,0.3535490496509987
2022_356.txt,0.8288551846413492,34.583333333333336,0.34575833318778537
2023_357.txt,0.8230240581072318,39.6,0.3331288965833196
2023_358.txt,0.872530796325388,26.2,0.32570089549662656
2023_359.txt,0.7155746932342677,65.2,0.29407887818788003
2024_360.txt,0.8946204122674711,22.6,0.4091427091427091
2024_361.txt,0.7558245711381206,56.8235294117647,0.31949017422135234
2024_362.txt,0.8816688817391255,30.90909090909091,0.3779287798983471
2024_363.txt,0.8045150704970885,35.1,0.3208074569540735
2024_364.txt,0.8040166345573563,51.0,0.3360233486062816
2024_365.txt,0.7489303194098288,45.36363636363637,0.3460820722329674
2024_366.txt,0.8294962934668817,30.333333333333332,0.33532428269214287
2024_367.txt,0.7589495342737776,57.2,0.3420975631148561
2024_368.txt,0.7919895499484552,44.76923076923077,0.31175872075960276
2024_369.txt,0.8274997834614004,46.4,0.31792614662332974
2024_370.txt,0.7314980529514937,46.75,0.33554998146597204
2024_371.txt,0.7599828327180753,43.111111111111114,0.34365960409042234
2024_372.txt,0.7817242450449987,39.0,0.3261608702409334
2024_373.txt,0.8452220942140297,37.666666666666664,0.31826262352578144
2024_374.txt,0.8110778843472911,42.214285714285715,0.3520776074620641
2024_375.txt,0.7121425222691045,53.0,0.332274011299435
2024_376.txt,0.8269673648032932,43.77777777777778,0.33514913722230794
2024_377.txt,0.7992669891446056,38.77777777777778,0.4048388408663691
2024_378.txt,0.8306502248578654,28.5,0.39326690821134774
2024_379.txt,0.8262706794088959,37.888888888888886,0.32441910608596786
2026_381.txt,0.8837974571372752,35.166666666666664,0.43371861520246
2026_382.txt,0.8583800544657209,36.0,0.35636148576035054
2026_383.txt,0.9107764434854219,29.09090909090909,0.31005544163438903
2026_384.txt,0.8583256822689526,35.166666666666664,0.35591238471673253
2026_385.txt,0.8977329885284588,29.6875,0.30859564791746064
2026_386.txt,0.8709345913553488,19.0,0.4174074074074074
2026_387.txt,0.8306829573934837,43.5,0.3548725300904257
2026_388.txt,0.8738677222719775,29.833333333333332,0.3217798074591553
2026_389.txt,0.8714416056021745,32.166666666666664,0.42115341355392
2026_390.txt,0.8945308402890372,33.166666666666664,0.43203416836057446
2026_391.txt,0.8668900748208498,34.72727272727273,0.3390177694005445
2026_392.txt,0.9036029411764707,28.875,0.30309106098579786
3001_000.txt,0.816355361153883,30.5,0.42085829567520416
3001_001.txt,0.8195422646064666,40.09090909090909,0.3103836493789827
3001_002.txt,0.8687538323218117,27.863636363636363,0.35459130385658544
3001_003.txt,0.879500137944743,26.56,0.37627254350298306
3001_004.txt,0.8977268658913433,18.5,0.48198381704938476
3001_005.txt,0.8762054919431445,26.142857142857142,0.3593848434468129
3001_006.txt,0.8663068502515163,26.181818181818183,0.3998756632280512
3001_007.txt,0.9102285427948067,19.28,0.4623322350246392
3001_008.txt,0.8424145744959699,30.38888888888889,0.3850106815980965
3001_009.txt,0.9160947066079365,19.08,0.4264846607498781
3001_010.txt,0.8878403963872858,24.181818181818183,0.36407917127675193
3001_011.txt,0.9249027705940154,14.676470588235293,0.38362998019064665
3001_012.txt,0.9292099677762975,23.529411764705884,0.46164531688828364
3001_013.txt,0.9438476715397847,15.434782608695652,0.3802349277913606
3001_014.txt,0.9215075764782467,17.75,0.3450220256601743
3001_015.txt,0.9356572983640641,15.129032258064516,0.43839487831098733
3001_016.txt,0.8939763698881584,19.964285714285715,0.3988648547997287
3001_017.txt,0.9241921590265786,12.642857142857142,0.49168667466986793
3001_018.txt,0.8873961492445513,15.904761904761905,0.38103705444463637
3001_019.txt,0.8972758737210088,19.526315789473685,0.37614272963687145
3001_020.txt,0.8569542540238099,28.736842105263158,0.4034884721445275
3001_021.txt,0.9026771980465346,21.5,0.42534438229625393
3001_022.txt,0.9007254390521162,21.75,0.32373939545415453
3001_023.txt,0.8507493224326105,30.944444444444443,0.4213054003239517
3001_024.txt,0.874716514669034,30.58823529411765,0.3352766024014509
3001_025.txt,0.9046272226762478,20.82758620689655,0.36015713225806456
3001_026.txt,0.9020235232348586,22.20689655172414,0.3536037322566117
3001_027.txt,0.9762468642468642,11.266666666666667,0.39918324594795185
3001_028.txt,0.873593336491593,23.166666666666668,0.40578090194452743
3001_029.txt,0.928297571337927,18.789473684210527,0.4459813505383529
3001_030.txt,0.899257231282999,21.652173913043477,0.4036354823758916
3001_031.txt,0.8966771899280682,20.310344827586206,0.3627892549328116
3001_032.txt,0.874508324352305,26.416666666666668,0.3611537925011024
3001_033.txt,0.9443647848276725,15.73076923076923,0.4177833953867656
3001_034.txt,0.9400145752850805,14.487804878048781,0.41238658917998944
3001_035.txt,0.857029333158181,27.066666666666666,0.3507832075479134
3001_036.txt,0.8498094902053794,31.0,0.4272907516540062
3001_037.txt,0.8058296534192962,37.875,0.3670808671853909
3001_038.txt,0.7801256779561209,57.083333333333336,0.3817404445169494
3001_039.txt,0.8246096838469726,37.25,0.3377377404147486
3001_040.txt,0.8554021246722828,28.5,0.36243671576313524
3001_041.txt,0.8340339619979382,45.214285714285715,0.36532474839366497
3001_042.txt,0.8421460035040971,33.5,0.40362803001536474
3001_043.txt,0.8313407822430026,32.15,0.3209752133323846
3001_044.txt,0.8687466936980741,28.3,0.39954515796408835
3001_045.txt,0.8868643322692003,23.692307692307693,0.3962642650252666
3001_046.txt,0.8516276860398109,29.863636363636363,0.42997665195631496
3001_047.txt,0.8709244503533148,24.22222222222222,0.44252440775738267
3001_048.txt,0.916479317443868,19.17241379310345,0.43638645552788946
3001_049.txt,0.8948958263878457,20.310344827586206,0.3445468667468299
3001_050.txt,0.8692325409557004,23.958333333333332,0.35560758959631794
3001_051.txt,0.9103260499504645,21.48,0.39429363251273286
3001_052.txt,0.9508500814255054,13.783783783783784,0.40301099668746726
3001_053.txt,0.9023011923572316,18.52,0.37701352242528713
3001_054.txt,0.8627095400321945,24.73913043478261,0.3770423616945888
3001_055.txt,0.8742826236827248,22.28125,0.39799186386948077
3001_056.txt,0.8259362518765755,25.47826086956522,0.4081766239324457
3001_057.txt,0.7653931834260215,45.42857142857143,0.3629091166643278
3001_058.txt,0.8198608990174356,33.35294117647059,0.31273315552022835
3001_059.txt,0.8743161562660664,23.235294117647058,0.3392151169604326
3001_060.txt,0.8660209119193764,22.37037037037037,0.34062148040018186
3001_061.txt,0.8919703431318386,21.25,0.37905303764678766
3001_062.txt,0.9393975599229119,17.346153846153847,0.40846514257480004
3001_063.txt,0.9028524322699762,26.2,0.3566839736064987
3001_064.txt,0.9207161125319694,29.0,0.5224806201550387
3001_065.txt,0.8413924317695843,39.6875,0.355505076864021
3001_066.txt,0.9001276945784956,21.695652173913043,0.4415996115080783
3001_067.txt,0.9263224638047779,21.37037037037037,0.3572197382743481
3001_068.txt,0.8780057130426192,30.6875,0.3738438789245418
3001_069.txt,0.9082072605173802,20.153846153846153,0.37872042816723817
3001_070.txt,0.9009313001911687,22.333333333333332,0.3917408382071568
3001_071.txt,0.9104883684051456,15.838709677419354,0.4392029246216176
3001_072.txt,0.9441541791667672,10.384615384615385,0.48930408697615174
3001_073.txt,0.9274466773241392,17.20689655172414,0.43150881369295374
3001_074.txt,0.9311252295874859,19.517241379310345,0.4216377660032116
3001_075.txt,0.9426984730460666,14.333333333333334,0.3702755858058888
3001_076.txt,0.917160814325984,17.566666666666666,0.3139889487353111
3001_077.txt,0.9501095960917388,14.392857142857142,0.37331528596712177
3001_078.txt,0.9480421676967579,17.375,0.3753185934999942
3001_079.txt,0.8984258724768914,21.047619047619047,0.4014955697731504
3001_080.txt,0.9268932989294733,13.448275862068966,0.4138188537962797
3001_081.txt,0.9480187471829145,12.67741935483871,0.463176339789243
3001_082.txt,0.9344379414445203,20.5,0.40453163485188565
3001_083.txt,0.873096394013011,24.85,0.3377743104000795
3001_084.txt,0.9206027158513634,17.29032258064516,0.3271158926407104
3001_085.txt,0.9286935006631978,14.393939393939394,0.43553292741975913
3001_086.txt,0.945926966615057,14.161290322580646,0.3868676146019947
3001_087.txt,0.9295913485789211,14.454545454545455,0.34405401226389043
3001_088.txt,0.9354057687933565,12.903225806451612,0.4068763146394238
3001_089.txt,0.9459778831414588,16.346153846153847,0.4004304192455118
3001_090.txt,0.9265632091994802,20.318181818181817,0.38376433464250626
3001_091.txt,0.9203459044688884,23.541666666666668,0.39382771054155274
3001_092.txt,0.9032966005465677,22.91304347826087,0.34977166115314146
3001_093.txt,0.8890757168362518,17.38095238095238,0.37341843671530717
3001_094.txt,0.9429497289229631,12.525,0.4406664581244984
3001_095.txt,0.9576012389513533,12.972972972972974,0.42542736116904917
3001_096.txt,0.9749902127352269,9.516129032258064,0.547867186576864
3001_097.txt,0.9865591397849461,9.0,0.46779801317844794
